gob,blob,goblob,gobb,0,juggernaut,snot,juggernot,juot,1,methyl,alcohol,methyhol,malcohol,2,pop,fantasy,pantasy,pontasy,3,integrated,electronics,integronics,intelectronics,4,frosty,spoon,fros,fpoon,5
play,software,ploftware,plare,6,liberal,retard,liberetard,libertard,7,cybernetics,organism,cyberganism,cybernism,8,catastrophe,cacaphony,catastrophony,catacaphony,9,google,doppelganger,googlanger,googlganger,10,narcotic,terrorism,narc,narcoterrorism,11
documentary,commercial,docu,documercial,12,kinetic,connection,kinection,kinnection,13,man,vagina,mana,magina,14,robert,kristen,robristen,roben,15,newt,momentum,nentum,newtum,16,talk,cartoon,talcartoon,talkoon,17
finitely,many,finany,finy,18,heterosexual,normativity,hetivity,hetermativity,19,platform,publisher,platfoblisher,plisher,20,web,broadcast,broa,webcast,21,clown,president,clownt,closident,22,winchester,barkhamsted,winchested,winbarkhamsted,23
waitress,actress,waitractress,waictress,24,female,dominance,femominance,feminance,25,situational,comedy,situatiomedy,sitomedy,26,crisis,opportunity,crisitunity,cris,27,peasant,television,peasevision,pelevision,28,geospatial,enablement,geosablement,geospablement,29
man,explaining,maning,manxplaining,30,knife,fork,knifork,knifk,31,terra,terrorist,terorist,terrarist,32,crisis,opportunity,crisitunity,cris,33,beautiful,delicious,beauticious,beautifulicious,34,yesterday,decade,yesterdade,yestecade,35
shirt,sweater,sheater,shirter,36,absolutely,ridiculous,absiculous,absolus,37,documentary,commercial,docu,documercial,38,sparkle,vampire,spire,sparkpire,39,awkward,sauce,awkwarsauce,awke,40,kleptocrat,king,klepting,kking,41
biography,picture,biographicture,bicture,42,japanese,english,japa,japlish,43,online,loneliness,oneliness,onliness,44,aforementioned,texted,aforemed,afexted,45,electronic,penis,electronics,electronis,46,ecology,sabotage,ecobotage,ecolotage,47
cassette,single,cassingle,cass,48,beer,delicious,belicious,beericious,49,cyclohexane,excellent,cycellent,cyclohexcellent,50,afghanistan,pakistan,afghanistanistan,afghstan,51,view,browser,viewbrowser,vier,52,defensive,diss,defiss,defensiss,53
meh,mathematician,matician,meathematician,54,cockblock,apocalypse,cocalypse,cockocalypse,55,quasistellar,star,quasistar,quastar,56,blog,diary,bdiary,bloary,57,metropolitan,heterosexual,metr,metrosexual,58,cartoon,tsunami,cartoonami,cartonami,59
buddha,universe,buniverse,budniverse,60,abercrombie,zombie,abercombie,abie,61,mechanical,electronics,mechanics,mechronics,62,stupendous,fabulous,stupendoulous,stabulous,63,vomit,atrocious,vomitrocious,vomit,64,graph,calculator,gralculator,grapulator,65
kiss,virginity,kinity,kisity,66,ascii,alphabetical,ascal,ascalphabetical,67,emotion,icon,emoton,emon,68,argument,minimum,argum,arguminimum,69,wiki,etiquette,wikiquette,etiq,70,television,photogenic,televisiogenic,teletogenic,71
electricity,execution,elec,electrocution,72,hazardous,material,hazaterial,haterial,73,walton,mart,walt,wart,74,botulism,toxin,boxin,botoxin,75,motorized,bicycle,motoricycle,motocycle,76,neurologically,typical,neurological,neurologicallypical,77
procastination,productivity,proctivity,proproductivity,78,swap,option,swaption,opti,79,view,beautiful,viewful,vieautiful,80,fan,magazine,fagazine,fanagazine,81,pellet,resistor,pellestor,pellesistor,82,sex,accident,saccident,secident,83
slide,curve,slid,slurve,84,agitation,propaganda,agitanda,agaganda,85,family,clone,familone,famillone,86,permanent,frost,perost,permost,87,teenage,tween,teen,ten,88,scream,caterpillar,scaterpillar,screaterpillar,89
police,astronaut,poltronaut,pastronaut,90,malapropism,portmanteau,malapronteau,manteau,91,instrument,medley,inst,instrumedley,92,british,comedy,bricomedy,brimedy,93,endogenous,morphine,endorphine,enorphine,94,phone,tablet,plet,phontablet,95
naphthene,palmitate,naphthalmitate,nate,96,constructed,language,construage,clanguage,97,dance,circumsize,dancircumsize,dancumsize,98,lime,lemon,limon,lemo,99,russian,english,russinglish,russianglish,100,argument,maximum,argum,argumaximum,101
hiccup,burp,hurp,hicup,102,jardanup,deeside,jardeeside,jeside,103,fascinate,addict,fascinadict,fasaddict,104,grindelwald,dumbledore,grindledore,grindumbledore,105,channel,tunnel,chunnel,chan,106,porn,portfolio,poportfolio,pornolio,107
literature,sewer,liture,lewer,108,motor,pedal,moped,moto,109,librarian,boob,loob,liboob,110,aquatic,equilibrium,aquatium,aquilibrium,111,excuse,squeeze,excueze,excueeze,112,ipod,broadcast,ipodcast,ipoadcast,113
lexion,espionage,lespionage,lexionage,114,shank,hippopotomas,shipotomas,shankpotomas,115,snow,apocalypse,snocalypse,snopocalypse,116,balloon,vehicle,balicle,bale,117,seattle,tacoma,seatoma,seatacoma,118,transmitter,responder,transponder,tran,119
non,controversy,cont,nontroversy,120,bohemian,hungarian,bohemiangarian,bohngarian,121,heterosexual,flexible,heterosexible,hetexible,122,polish,english,penglish,pollish,123,petroleum,chemical,petrolical,pemical,124,enlightenment,culture,enlighture,enlture,125
accountable,cunt,account,accunt,126,chav,fantastic,chantastic,chastic,127,pre,sequel,prequel,sequ,128,shark,tornado,shornado,sharnado,129,light,radar,lradar,lightar,130,by,cause,byuse,bause,131
best,worst,berst,borst,132,she,male,sheale,shale,133,hillary,bot,hillart,hot,134,prototype,product,pproduct,protuct,135,parking,arcade,park,parkade,136,korean,pop,koop,kop,137
alternative,whore,alterhore,altere,138,drink,marathon,drinathon,drathon,139,net,convertible,netible,nonvertible,140,sound,landscape,soun,soundscape,141,geek,elated,geeked,gelated,142,system,operator,soperator,systemator,143
after,tomorrow,aftemorrow,aftomorrow,144,margarita,retarded,margarded,marded,145,ghost,elevator,ghovator,gelevator,146,three,repeat,thre,threepeat,147,bisexual,curious,bisecurious,biscurious,148,scotch,vodka,scodka,scotka,149
cosmetic,collision,cosmeticollision,cosmision,150,academic,trampoline,acadoline,academpoline,151,teen,between,teeen,ten,152,dawn,moment,dawment,dawnt,153,pre,sequel,prequel,sequ,154,capsule,communicator,capcommunicator,cator,155
gasoline,alchohol,galchohol,gahol,156,comcast,fantastic,comcastic,comc,157,abstain,kiss,abstains,abss,158,spokesperson,blogger,spogger,sper,159,every,time,evere,evime,160,fanatic,kingdom,fanatingdom,fangdom,161
internet,meeting,interneting,ing,162,faux,mullet,faullet,famullet,163,pasta,rastafarian,pastafarian,past,164,medical,fraud,medraud,medicaud,165,knowledge,database,knowledgase,knowledatabase,166,professional,consumer,profensumer,professionsumer,167
camera,recorder,corder,camerecorder,168,matt,elliot,mattelliot,melliot,169,conglomerate,coffee,confee,congloffee,170,haggle,tussle,hussle,hagle,171,prototype,flight,plight,pright,172,volume,pixel,volu,voxel,173
animated,matrix,animatrix,anim,174,mob,democracy,mobdemocracy,mocracy,175,television,broadcast,televast,televist,176,balloon,fanatics,ballonatics,banatics,177,manhattan,stonehenge,manhenge,manenge,178,confusion,monopoly,conopoly,confusionoly,179
jew,jubilee,jee,jewilee,180,sex,secretary,secsecretary,sesecretary,181,ny,london,nydon,ndon,182,consumer,hurricane,consumerricane,consumericane,183,spam,blogger,spogger,spamblogger,184,frugal,google,froogle,frug,185
irrational,right,irright,iright,186,intertwine,intermingle,inte,intertwingle,187,boxing,records,becords,bords,188,korpela,maki,korpelaki,komaki,189,oblivious,android,obliviandroid,obloid,190,teleprinter,exchange,texchange,telexchange,191
anecdote,data,anecdata,anec,192,app,obsessed,appessed,obsesed,193,desktop,notebook,deskebook,desktebook,194,city,group,citroup,cityup,195,against,say,agay,againsay,196,ambidextrous,sex,ambsex,ambidextrousex,197
recession,bronchitis,recessionchitis,reconchitis,198,guitar,ukulele,gukulele,guitele,199,norwegian,injun,norjun,norweginjun,200,hot,awesome,hawesome,hotesome,201,bro,pony,bro,brony,202,camelot,spam,camelam,camm,203
documentary,drama,documentarama,dama,204,man,handbag,manbag,hand,205,taximeter,cabriolet,tabriolet,taxibriolet,206,canadian,woodlands,cands,canadlands,207,pegasus,unicorn,pegasorn,pegasunicorn,208,midnight,martini,mirtini,midnightini,209
pregnant,angry,preg,prangry,210,shit,snot,shisnot,shot,211,ridiculous,donkey,ronkey,ridonkey,212,chocolate,taco,chocolataco,chaco,213,documentary,soap,ssoap,doap,214,cheese,hamburger,cheeshamburger,cheesburger,215
sneeze,anticipated,snticipated,snanticipated,216,dance,dyslexia,dancexia,dandyslexia,217,coder,decoder,codecoder,codeer,218,education,entertainment,educ,edutainment,219,doppelgangers,bang,dopbang,dopelgang,220,keg,runoff,kenoff,kunoff,221
emergent,turd,emurd,emerd,222,google,alzheimer,goolzheimer,googlzheimer,223,transfer,resistor,transistor,tran,224,conservative,democrats,conservocrats,conservats,225,multiple,modal,multipledal,modale,226,intoxicated,text,intoxicatext,intext,227
analyst,therapist,analypist,aanalyst,228,excited,dimmer,excitedimmer,excimmer,229,smell,elephant,smelephant,smellphant,230,japanese,english,japa,japlish,231,maltese,poodle,moodle,malpoodle,232,tired,angry,tiry,tingry,233
prostitute,dude,prostitude,prude,234,man,alimony,malimony,manimony,235,excited,constipated,exconstipated,econstipated,236,abandoned,software,abansoftware,aboftware,237,boob,spectacular,bootacular,bectacular,238,bro,pony,bro,brony,239
breath,analyser,brer,breathser,240,saints,thanksgiving,sainting,sanksgiving,241,nuclear,electronic,nuclectronic,nucltronic,242,bullying,suicide,bull,bullycide,243,admiration,empathy,admpathy,admirathy,244,illuminate,answer,illuminswer,illunswer,245
electronic,magazine,electrogazine,electronine,246,channel,tunnel,chunnel,chan,247,non,apology,nonapology,nology,248,balanced,unbalanced,balananced,balalanced,249,biological,terrorism,biologicalism,biologism,250,food,baby,foody,fod,251
swiss,english,swish,swinglish,252,describe,develop,describelop,describevelop,253,laughter,orgasm,lasm,laughtergasm,254,spare,change,sspare,sparge,255,course,software,coftware,coursoftware,256,dramatic,drastic,dram,dramastic,257
picture,element,pictelement,picturement,258,female,bro,fembro,femo,259,dance,exercise,dancercise,danc,260,beverage,avalanche,bavalanche,beveranche,261,scrumptious,delicious,scrumpicious,scrus,262,flashlight,flesh,flash,flashlesh,263
breakfast,dinner,brer,brinner,264,multitude,dude,mude,multitudude,265,cat,mouse,mmouse,catmouse,266,yesterday,gay,yest,yestergay,267,aurium,lactate,alactate,auractate,268,fourteen,nights,fourteenights,foughts,269
orgasm,cyclotron,orcyclotron,oron,270,ass,osmosis,assosis,asis,271,malaya,asia,malaysia,mala,272,broccoli,cauliflower,brociflower,brocauliflower,273,chuckle,snort,chuort,churt,274,masturbate,wait,mate,mait,275
electronic,available,electronable,elavailable,276,cyber,psychedelic,cybedelic,cyberelic,277,revenge,suicide,revide,revensuicide,278,windows,intel,wintel,wind,279,california,train,califorain,califrain,280,sanskrit,neologism,sanskeologism,saneologism,281
telephone,marathon,tarathon,telephonathon,282,pattern,capacity,patacity,pacity,283,provocative,whore,pre,provore,284,education,entertainment,educ,edutainment,285,phonetics,lexicon,phoneticon,phonexicon,286,mechanics,electronics,mechronics,mectronics,287
man,handbag,manbag,hand,288,dumb,confound,dumbound,dunfound,289,memory,index,mex,memorex,290,cybernetic,psychology,cyberology,cychology,291,nano,technology,nanology,nanochnology,292,texture,element,texturement,telement,293
nerd,hijacking,nerjacking,nhing,294,burn,terminate,burminate,burnate,295,automobile,memorabilia,auto,automobilia,296,elizabeth,barbossabeth,elizabarbossabeth,elizabbeth,297,boy,catastrophe,boystrophe,batastrophe,298,europe,armageddon,europedon,eurmageddon,299
retirement,fire,retirre,retire,300,britain,exit,brit,britexit,301,ben,jennifer,jenn,bennifer,302,glamour,ritz,gritz,glamouritz,303,libertarian,careless,libertareless,liberless,304,prostitute,boots,proots,prostituts,305
clown,commander,clowander,clownder,306,internal,communication,internication,intercommunication,307,frugal,google,froogle,frug,308,system,administrator,systemator,systrator,309,spike,angel,sspike,spigel,310,alpha,beta,alpeta,aalpha,311
automatic,magical,auto,automagical,312,add,anxiety,ety,addiety,313,mob,incest,moncest,mincest,314,skating,hitching,skatitching,skatching,315,alsace,thompson,alson,alsompson,316,czech,slovakia,czovakia,ch,317
return,offshoring,roffshoring,retoffshoring,318,screen,teenager,scre,screenager,319,obama,economics,obanomics,obamics,320,jew,jpeg,jeg,jewg,321,godly,awesome,godlysome,gawesome,322,waite,rose,warose,wrose,323
lawl,walrus,lawrus,lalrus,324,american,indian,amerindian,amerian,325,boy,conversation,bonversation,boyconversation,326,kinetic,connect,conect,kinnect,327,gerry,salamander,gerrymander,gerr,328,basketball,baseball,ball,baskeball,329
intelligent,dating,ing,intelligating,330,mist,drizzle,driz,mizzle,331,human,robot,hhuman,humbot,332,ecology,imagination,ecolonation,ecologination,333,educational,excellence,eduxcellence,educationalence,334,commute,comminicate,cominicate,communicate,335
cosmos,organism,cosmosm,cosmoganism,336,email,address,emaildress,emaddress,337,cheap,cappucciono,chappucciono,cheappucciono,338,vomit,atrocious,vomitrocious,vomit,339,slam,ham,slaam,slham,340,prototype,hype,protype,prope,341
malicious,software,maliciousoftware,moftware,342,facebook,rape,face,fape,343,pod,broadcast,broa,podcast,344,slut,president,slupresident,slutident,345,pekingnese,poodle,podle,pekoodle,346,fucking,retard,fucketard,fuckard,347
northern,virginia,northerginia,northernia,348,smart,mark,smark,smar,349,obama,healthcare,obealthcare,obamalthcare,350,space,time,stime,spatime,351,fudge,popsicle,fopsicle,fudgepsicle,352,facebook,hack,fack,faceback,353
three,repeat,thre,threepeat,354,share,software,shoftware,shareoftware,355,sparrow,elizabeth,spelizabeth,sparrizabeth,356,cellulose,diaphane,celliaphane,celludiaphane,357,american,anthrax,americanthrax,amerax,358,cunt,explaining,cuntlaining,cexplaining,359
dormitory,automobile,dormitobile,dormitomobile,360,spa,boutique,spautique,spoutique,361,vegetable,homicide,vegetabhomicide,vegomicide,362,urine,analysis,urinalysis,urin,363,draco,harry,dry,darry,364,arbor,literati,arborati,arbiterati,365
gene,chromosome,genosome,ghromosome,366,jackrabbit,antelope,jackelope,jackrantelope,367,economist,bureaucrat,ecrat,economicrat,368,arpa,network,arpark,arpetwork,369,pre,sequel,prequel,sequ,370,montgomery,county,mounty,monty,371
squirrel,kitten,skitten,squirten,372,spectacular,cooler,specooler,specoler,373,parachute,troop,parachutroop,partroop,374,parking,arcade,park,parkade,375,lacrosse,prostitute,lacrostitute,lacrossitute,376,masochistic,sadist,massadist,masadist,377
compatibility,quality,compatity,compatiality,378,vagina,vegetarian,vagetarian,vaginarian,379,telecommunication,informatics,tele,telematics,380,dormitory,incest,dormest,dormincest,381,fresh,sophomore,freshophomore,fophomore,382,elevator,fucker,ucker,elucker,383
brother,science,brothence,brocience,384,frugal,google,froogle,frug,385,bitch,explosion,bitchlosion,bexplosion,386,batman,automobile,batmanobile,bautomobile,387,frankenstein,fish,frankensteish,frish,388,snuggle,nuzzle,snuzzle,snugzle,389
fact,haemorrhoid,faemorrhoid,factorrhoid,390,transparency,fare,transfare,tre,391,indian,atlantic,intic,indiatlantic,392,aerial,acrobatics,aerobatics,aeri,393,loop,circular,lar,loopcular,394,slant,perpendicular,slanticular,slandicular,395
amazing,awesome,amazesome,ame,396,city,bank,cank,citybank,397,plastic,agglomerate,plasticate,plomerate,398,information,graphic,inforaphic,informaphic,399,architecture,ecology,arcology,arch,400,shopping,marathon,shon,shoathon,401
revolution,songs,revongs,revolutiongs,402,american,way,amerway,ameriway,403,jew,threesome,jesome,jewesome,404,aviation,gasoline,aviasoline,aviatioline,405,electricity,execution,elec,electrocution,406,mutual,exclusion,mutuxclusion,mutualusion,407
ballintine,company,balline,ballany,408,serialize,deserialize,serrialize,serialise,409,parallax,second,paracond,parallaxsecond,410,happy,harmonius,happonius,hharmonius,411,kanwaka,wakarusa,kanwakarusa,kanwakusa,412,blue,green,bleen,gree,413
reduction,oxidation,reducidation,redation,414,motor,hotel,motel,moto,415,ultraportable,notebook,ultebook,ultrebook,416,distract,retard,distard,distretard,417,peach,nectarine,peacharine,pectarine,418,later,instagram,latagram,lategram,419
malnutrition,tuition,malnuition,malnutuition,420,automobile,memorabilia,auto,automobilia,421,federal,express,federess,fedexpress,422,swoosh,swastika,sswastika,swostika,423,executive,babble,ebabble,exabble,424,jagermeister,bomb,jomb,jabomb,425
web,magazine,webazine,wagazine,426,utilities,cooridor,utidor,utilitor,427,croissant,doughnut,croissanut,croughnut,428,butt,munch,bunch,butch,429,group,outfit,groupit,groupfit,430,idea,economics,econ,ideanomics,431
web,broadcast,broa,webcast,432,web,log,webog,wog,433,screw,souvenir,screwir,ssouvenir,434,mother,manager,mothanager,mager,435,coloane,taipa,coipa,coa,436,cinema,maximum,cinaximum,cinemaximum,437
bro,pony,bro,brony,438,alphabetic,numeric,alphameric,alphaberic,439,rocknroll,hillybilly,rocknilly,rollybilly,440,biology,electronic,biologronic,biolectronic,441,sleepy,slaphappy,slappy,sleephappy,442,boston,washington,boshington,bostington,443
penis,gallery,pery,penallery,444,proteins,genome,pronome,protenome,445,spam,camelot,spamalot,came,446,situation,comedy,situatiomedy,sitomedy,447,weasley,incest,wincest,wencest,448,creepy,paparazzi,creeparazzi,creepaparazzi,449
retard,dumbass,retardumbass,rumbass,450,channel,tunnel,chunnel,chan,451,blazed,blasted,blazted,bllasted,452,liquid,oxygen,loxygen,liquiden,453,owl,omaha,owaha,owlaha,454,prom,proposal,promosal,pproposal,455
medical,aid,medaid,maid,456,cuckold,conservative,cuconservative,cunservative,457,yogurt,popsicle,yogopsicle,yopsicle,458,wiki,academia,wikademia,wia,459,monte,rey,montey,morey,460,spam,camelot,spamalot,came,461
laundry,mat,lat,launt,462,chalk,typo,chatypo,cypo,463,dialectical,materialism,dialism,dialerialism,464,flexible,vegetarian,flegetarian,flexetarian,465,infinity,millionaire,infinaire,infilionaire,466,slide,curve,slid,slurve,467
telecommunication,informatics,tele,telematics,468,password,confusion,passwonfusion,passusion,469,warren,keeney,warreney,wareney,470,thanksgiving,hanukkah,thankkah,thanukkah,471,kiss,caress,kress,kicaress,472,internet,aristocracy,internetocracy,internetracy,473
communication,broadcast,communicast,commundcast,474,bro,romance,romae,bromance,475,half,dialogue,halogue,hallogue,476,stagnation,inflation,staglation,station,477,laptop,desktop,lasktop,llaptop,478,ethyl,alcohol,ethalcohol,ethyhol,479
proactive,responsive,presponsive,prosponsive,480,foreman,thirteen,foremateen,forteen,481,electric,execute,elexecute,electricute,482,folks,taxonomy,folkonomy,fonomy,483,mist,drizzle,driz,mizzle,484,rolling,index,rollindex,rollingdex,485
fabulous,sexual,fabulousexual,faxual,486,personal,zine,persone,persine,487,outside,patient,oupatient,outsatient,488,anticipation,disappointment,anticipationt,antment,489,absolutely,positively,absositively,absolutively,490,smart,mark,smark,smar,491
volume,pixel,volu,voxel,492,aggravated,annoyed,aggravoyed,aggrannoyed,493,radiation,opaque,radaque,radopaque,494,ass,acne,assacne,aacne,495,intelligent,television,intelvision,intelevision,496,cacaphony,cocoa,cacoa,cacocoa,497
sound,landscape,soun,soundscape,498,eye,violating,eyolating,iolating,499,creepy,people,creeple,creepeople,500,winning,company,winnany,winy,501,bride,anorexia,brinorexia,bria,502,retard,aardvark,retark,retardvark,503
spam,indexing,spamdexing,inde,504,bourgeois,ghetto,bouretto,bourghetto,505,month,anniversary,monthersary,manniversary,506,fiction,commercial,ficommercial,ficial,507,ear,eyewitness,earitness,eear,508,fur,explode,furxplode,fexplode,509
dance,exercise,dancercise,danc,510,all,theist,altheist,alll,511,napthene,palmitate,napthalmitate,napalmitate,512,calcium,gone,calciugone,calone,513,debate,argument,debargument,debatement,514,facebook,stalk,fastalk,facebalk,515
snuggle,coddle,snugdle,snugle,516,international,police,internationalice,internatiolice,517,architecture,ecology,arcology,arch,518,prostitute,tot,prot,prostot,519,magnificent,terrific,magnificenterrific,magnific,520,mexico,california,mcalifornia,mexicalifornia,521
maddening,infuriating,maddeniating,maddeninfuriating,522,mass,prestige,pres,masstige,523,social,entertainer,sentertainer,socertainer,524,show,romance,showance,shomance,525,alcohol,bulimia,alcoholia,alimia,526,sports,broadcast,sportcast,sporoadcast,527
bud,bartender,burtender,buder,528,chair,wardrobe,chairrobe,chardrobe,529,alternative,right,alterright,alteright,530,sophisticated,ratchet,sophisticatchet,sotchet,531,documentary,commercial,docu,documercial,532,deformed,afflicted,dafflicted,defflicted,533
global,english,globlish,glish,534,transfer,resistor,transistor,tran,535,jazz,ballerina,jallerina,jazlerina,536,slut,sorority,sluty,slority,537,pekingese,poodle,podle,pekoodle,538,debra,ian,debran,debrian,539
crisis,opportunity,crisitunity,cris,540,rendezvous,booze,rendezvooze,rendooze,541,sleep,marathon,sleathon,slep,542,mexican,nigger,menigger,mexicanigger,543,jew,afro,jefro,jo,544,faux,mohawk,faohawk,fawk,545
documentary,fiction,doction,documentation,546,digital,evolve,devolve,divolve,547,shock,advertising,shadvertising,shockertising,548,interior,landscape,interscape,indscape,549,orgasm,tron,ortron,oron,550,sky,hijack,skyjack,hija,551
comcast,fantastic,comcastic,comc,552,jizz,disney,jisney,jizney,553,big,anorexia,bia,bignorexia,554,script,document,scripument,scument,555,london,pakistan,llon,lonistan,556,man,vacation,mation,manacation,557
delaware,rancocas,delawas,delawarancocas,558,animated,matrix,animatrix,anim,559,academic,bowl,academbowl,acowl,560,shark,octopus,sharkopus,shoctopus,561,frankenstein,food,fod,franfood,562,data,broadcasting,dating,datcasting,563
biological,chronicle,biolicle,biologichronicle,564,international,network,inetwork,internetwork,565,bachman,eyes,beyes,baces,566,windows,intel,wintel,wind,567,cyber,hypochondriac,cybiac,cypochondriac,568,web,society,wociety,wety,569
man,recession,mman,manecession,570,digital,monster,digiter,digonster,571,pasta,possibility,pastibility,pasibility,572,sky,peer,sker,skyer,573,black,asian,blac,blasian,574,view,humongous,views,vhumongous,575
plum,apricot,pricot,plumricot,576,fiction,bibliography,fictiography,ficibliography,577,magnetic,doodle,magndoodle,magnoodle,578,mass,prestige,pres,masstige,579,nerd,nostaglia,neostaglia,nerstaglia,580,professional,nasty,professionalsty,professionasty,581
automatic,tune,autone,automatune,582,former,girlfriend,formerlfriend,forlfriend,583,puke,extravaganza,puextravaganza,pukaganza,584,comcast,fantastic,comcastic,comc,585,subliminal,tweet,twet,subweet,586,free,software,freftware,freee,587
automatic,magical,auto,automagical,588,squirrel,rat,squirrat,squirat,589,word,obsessive,wobsessive,worsessive,590,quantum,bit,quantumbit,quant,591,scandalous,raunchy,scaunchy,scandaloushy,592,tom,katie,tomatie,tie,593
awkward,fest,est,awest,594,magnesium,ferric,magnerric,magnesic,595,stew,soup,ssoup,steup,596,frugal,google,froogle,frug,597,internet,etiquette,internequette,internetiquette,598,hipster,hypocritical,hipocritical,hippocritical,599
sarcasm,catastrophe,sarcatastrophe,sarcatrophe,600,scoop,spatula,scoopatula,scotula,601,wimp,pussy,wimpussy,wimpsy,602,cuddle,relationship,cuddlationship,cuddllationship,603,robotic,call,rocall,roboticall,604,slide,curve,slid,slurve,605
geography,caching,geograching,geographing,606,parachute,trooper,parachutrooper,prooper,607,biographical,picture,biographicure,biographicture,608,charity,muggers,char,chuggers,609,penn,engineer,pennineer,pengineer,610,procrastination,masturbation,procurbation,procrasturbation,611
news,broadcast,newbroadcast,newst,612,tomato,tobacco,tomacco,toma,613,google,amazon,googazon,googamazon,614,blog,celebrity,blebrity,blobrity,615,shit,wasted,shited,shasted,616,marionette,puppet,marioppet,marionepuppet,617
sea,landscape,scape,seadscape,618,web,camera,wera,weamera,619,facebook,facelift,ft,faceelift,620,adult,adolescence,adulescence,adultence,621,electronic,mail,elel,electromail,622,transfer,resistor,transistor,tran,623
frugal,google,froogle,frug,624,minimum,maximum,minimaximum,miximum,625,proteinaceous,infectious,protectious,proteinfectious,626
