shopathon,shopping,marathon,other,shon
fashism,fashion,fascism,other,fashism
youthanasia,youth,euthanasia,knight,youthanasia
brick,brick,blackberry,other,brickberry
wikiquette,wiki,etiquette,other,wiquette
alternawhore,alternative,whore,other,altere
companding,compressing,expanding,other,comprexpanding
clownsident,clown,president,other,clownt
enculturement,enlightenment,culture,other,enlture
carjack,car,hijack,other,cack
illiana,illinois,indiana,knight,illindiana
diamat,dialectical,materialism,other,dialism
groupon,group,coupon,knight,groupon
glob,gob,blob,other,gobblob
singlish,singaporean,english,knight,singlish
tindisaster,tinder,disaster,other,tindisaster
datacasting,data,broadcasting,other,dating
backronym,back,acronym,other,bacronym
spange,spare,change,other,sspare
wenglish,welsh,english,knight,wenglish
hiberdating,hibernation,dating,other,hibernating
academirrhea,academic,diarrhea,other,acadiarrhea
camerah,cameron,sarah,other,camerah
vaguebooking,vague,facebooking,other,vacebooking
linner,lunch,dinner,knight,luner
florala,florida,alabama,knight,flabama
spime,space,time,other,spatime
afterbating,after,masturbating,other,afterbating
futatonic,futon,catatonic,other,futonic
bregret,britain,regret,other,bregret
socialtainer,social,entertainer,other,sentertainer
glob,globe,blob,other,blobe
desknote,desktop,notebook,other,desktebook
taardvark,retard,aardvark,other,retardvark
reaganomics,reagan,economics,knight,reaganomics
chork,chopsticks,fork,other,chork
escalator,escalate,elevator,knight,escalator
buffeteria,buffet,cafeteria,other,buffeteria
happymonius,happy,harmonius,other,hharmonius
flexitarian,flexible,vegetarian,other,flegetarian
laughgasm,laughter,orgasm,other,lasm
ninjelephant,ninja,elephant,knight,ninjant
orgasmatron,orgasm,tron,other,oron
masosadist,masochistic,sadist,other,masadist
frecency,frequency,recency,other,frecency
tenderpreneur,tendering,enterpreneur,other,tenterpreneur
falloween,fall,halloween,other,falloween
mornoon,morning,noon,knight,mornoon
frolf,frisbee,golf,other,frolf  
modem,modulator,demodulator,knight,modemodulator
baseketball,basketball,baseball,other,ball
enginerd,engineer,nerd,other,enginerd
hitlery,hitler,hillary,other,hitlery
trumponomics,trump,economics,other,trumics
flirtationship,flirtation,relationship,other,flirtationship
permanipple,permanent,nipple,other,permanipple
animatronics,animation,electronics,knight,anics
anadig,analog,digital,other,analogital
blatina,black,latina,other,blatina
natitude,nationals,attitude,other,natitude
classhole,class,asshole,other,classhole
banoffee,banana,toffee,knight,bantoffee
phubbing,phone,snubbing,other,phonubbing
interpol,international,police,other,internatiolice
nexterday,next,yesterday,other,nexterday
kormak,korpela,maki,other,korpelaki
blaxploitation,black,exploitation,knight,bloitation
cryptanalysis,cryptogram,analysis,other,cryptanalysis
pluot,plum,apricot,other,pricot
lobstrosity,lobster,monstrosity,other,lobstrosity
conlang,constructed,language,other,clanguage
broccoflower,broccoli,cauliflower,other,brocauliflower
globish,global,english,other,glish
wiktionary,wiki,dictionary,knight,wictionary
webisode,web,episode,knight,wepisode
pukestravaganza,puke,extravaganza,other,puextravaganza
sexplosion,sex,explosion,knight,sexplosion
canckle,calf,ankle,other,cankle
crunk,crazy,drunk,knight,crunk
buttmunch,butt,munch,other,bunch
cosmolission,cosmetic,collision,other,cosmeticollision
computato,computer,potato,other,compotato
bevalanche,beverage,avalanche,other,bavalanche
manglish,malaysian,english,knight,menglish
intexticate,intoxicate,text,other,intext
excimer,excited,dimmer,other,excitedimmer
bootylicious,booty,delicious,knight,belicious
phonesia,phone,amnesia,other,phonesia
camphone,camera,phone,other,camphone
chinglish,chinese,english,other,chinglish
gaybernation,gay,hibernation,other,gation
elefucker,elevator,fucker,other,ucker
bordinary,bored,ordinary,other
protoduct,prototype,product,other
ballico,ballintine,company,other
infographic,information,graphic,other
boxster,boxer,roadster,knight
platisher,platform,publisher,other
addxiety,add,anxiety,other
gayby,gay,baby,other
prosumer,producer,consumer,knight
caninja,canine,ninja,knight
palimony,partner,alimony,other
smang,smash,bang,other
docudrama,documentary,drama,other
travelocity,travel,velocity,knight
flavorite,flavor,favorite,knight
converstroyer,conversation,destroyer,other
neurotypical,neurologically,typical,other
webzine,web,magazine,other
prezactly,precise,exactly,other
hubot,human,robot,other
feminicide,feminine,homicide,other
gaysian,gay,asian,knight
slanguage,slang,language,knight
deskellop,describe,develop,other
fratastic,fraternity,fantastic,other
debian,debra,ian,other
masturdating,masturbate,dating,other
emergenturd,emergent,turd,other
electrocutioner,electrocution,executioner,other
pornograffitti,pornography,graffiti,other
mancation,man,vacation,other
blaccent,black,accent,knight
neither,not,either,knight
thesbian,thespian,lesbian,other
squircle,square,circle,knight
ponglish,polish,english,other
cremains,cremate,remains,knight
fraudience,fraud,audience,knight
chipster,chip,hipster,other
spanglish,spanish,english,knight
cyclohexellent,cyclohexane,excellent,other
streetball,street,basketball,knight
goofle,goof,google,other
vidiot,video,idiot,other
spinderella,spin,cinderella,other
mattergy,matter,energy,knight
sysop,system,operator,other
queerdo,queer,weirdo,other
kegoff,keg,runoff,other
perzine,personal,zine,other
fratmosphere,frat,atmosphere,other
paddict,pad,addict,other
mexicali,mexico,cali,knight
exaggeraddict,exaggeration,addict,other
wheymen,whey,amen,other
irrigon,irrigation,oregon,other
valsetz,valley,siletz,other
rurban,rural,urban,other
barbossa,elizabeth,barbossabeth,other
intellidating,intelligent,dating,other
suspowledge,suspicion,knowledge,other
geep,goat,sheep,knight
mandals,man,sandals,other
plytanium,plywood,titanium,knight
meanderthal,meander,neanderthal,other
ecoteur,ecological,saboteur,knight
jewpeg,jew,jpeg,other
multicart,multiple,cartridge,other
tomkat,tom,katie,other
webcast,web,broadcast,knight
menopaws,menopause,paws,other
moco,montgomery,county,other
mexicunt,mexican,cunt,other
cellophane,cellulose,diaphane,other
vegicide,vegetable,homicide,other
chuggers,charity,muggers,knight
hurricanceled,hurricane,canceled,other
sophistiratchet,sophisticated,ratchet,other
telematics,telecommunications,informatics,knight
radome,radar,dome,knight
posistor,positive,thermistor,knight
onlineness,online,loneliness,other
dankrupt,dank,bankrupt,other
killuminati,kill,illuminati,other
afrocracy,african,democracy,other
wexis,westlaw,lexisnexis,knight
blackup,black,backup,knight
condomplate,condom,contemplate,other
bennifer,ben,jennifer,knight
acabowl,academic,bowl,other
aerobatics,aerial,acrobatics,knight
voxel,volume,pixel,knight
muttation,mutt,mutation,other
peasantvision,peasant,television,other
shankopotomas,shank,hippopotomas,other
mondaze,monday,daze,other
desilu,desi,lucille,other
sleppy,sleepy,slaphappy,other
asstag,ass,hashtag,other
automagically,automatic,magically,other
warfarin,warf,coumarin,other
elephacts,elephant,facts,other
intertwingle,intertwine,intermingle,knight
chump,chunk,lump,other
liary,liar,diary,other
aggranoyed,aggravated,annoyed,other
sharknado,shark,tornado,other
freegan,free,vegan,other
netmeet,internet,meeting,other
mobcest,mob,incest,other
wintel,windows,intel,knight
cotai,coloane,taipa,other
fulcer,fake,ulcer,other
chunnel,channel,tunnel,knight
animatrix,animated,matrix,knight
finimany,finitely,many,other
wallyball,wall,volleyball,other
blaxican,black,mexican,knight
brony,bro,pony,knight
batmobile,batman,automobile,other
bicurious,bisexual,curious,other
avalaunch,avalanche,launch,other
pixel,picture,element,other
vomitrocious,vomit,atrocious,knight
manbag,man,handbag,knight
dejabrew,dejavu,brew,other
anecdata,anecdote,data,knight
mypod,my,ipod,other
pulsar,pulsating,star,other
liptease,lipstick,striptease,other
satisficing,satisfactory,sufficing,other
alcopop,alcohol,pop,other
londonistan,london,pakistan,other
beaulicious,beautiful,delicious,other
minimoon,mini,honeymoon,other
knowledgebase,knowledge,database,other
chrismukkah,christmas,hanukkah,knight
bresilient,brilliant,resilient,other
orgasmatron,orgasm,cyclotron,other
eurogeddon,europe,armageddon,other
pomosexual,postmodern,sexual,other
malaysia,malaya,asia,knight
britpick,british,nitpick,other
mailstrom,mail,maelstrom,other
pumpkineer,pumpkin,engineer,other
macintrash,macintosh,trash,other
boytastrophe,boy,catastrophe,other
japlish,japanese,english,knight
winsted,winchester,barkhamsted,other
sparrabeth,sparrow,elizabeth,other
dancercise,dance,exercise,knight
shweater,shirt,sweater,other
marigo,maria,amigo,other
tridge,tri,bridge,other
fpoon,frosty,spoon,knight
frowlculation,frown,calculation,knight
ginormous,giant,enormous,other
mocker,mod,rocker,knight
geekelated,geek,elated,other
scotchka,scotch,vodka,other
stupitch,stupid,bitch,other
skype,sky,peer,other
mupload,mobile,upload,other
chanerism,chan,mannerism,other
wikiquette,wikipedia,etiquette,knight
swahinglish,swahili,english,knight
stagflation,stagnation,inflation,other
ethanol,ethyl,alcohol,other
spamdexing,spam,indexing,knight
brocelet,brother,bracelet,other
wapanese,warp,japanese,other
beerboarding,beer,waterboarding,other
latination,latin,nation,other
westarctica,west,antarctica,other
saintsgiving,saints,thanksgiving,other
recrap,recap,crap,other
recessionitis,recession,bronchitis,other
palicain,palin,mccain,other
jcrewpon,jcrew,coupon,knight
prequel,pre,sequel,knight
sexposition,sex,exposition,other
bromance,bro,romance,knight
trampede,trample,stampede,other
hebrish,hebrew,english,knight
threepeat,three,repeat,knight
waluigi,warui,luigi,knight
satisficing,satisfy,suffice,other
prangry,pregnant,angry,knight
arkadelphia,arkansas,philadelphia,knight
intel,integrated,electronics,other
confusopoly,confusion,monopoly,other
pregnatory,pregnant,purgatory,other
stupendulous,stupendous,fabulous,other
peacherine,peach,nectarine,other
floorcest,floor,incest,other
slurve,slider,curve,knight
shemale,she,male,other
yesterdecade,yesterday,decade,other
sacredfice,sacred,edifice,other
brofessional,brother,professional,other
smexy,smell,sexy,other
bridorexia,bride,anorexia,other
fleshlight,flashlight,flesh,other
portmanteau,porter,manteau,other
belieber,bieber,believer,other
coopetition,cooperation,competition,knight
urinalysis,urine,analysis,knight
avgas,aviation,gasoline,other
medicaid,medical,aid,other
silastic,silicone,plastic,knight
dramastic,dramatic,drastic,knight
cheesus,cheese,jesus,other
dallitude,dallas,attitude,other
ignoranus,ignoramus,anus,other
asciibetical,ascii,alphabetical,other
franglish,french,english,other
dohment,doh,moment,other
nintendogs,nintendo,dogs,knight
fibliography,fiction,bibliography,other
wactress,waitress,actress,other
fasian,fake,asian,other
heteroflexible,heterosexual,flexible,other
intexticated,intoxicated,text,other
flirtini,flirt,martini,other
bellice,bella,alice,other
photobiography,photograph,biography,other
freecycling,free,recycling,other
addendix,add,appendix,other
triticale,triticum,secale,knight
woon,wooden,spoon,knight
pornfolio,porn,portfolio,other
kittenality,kitten,personality,other
sporgery,spam,forgery,knight
franglais,francais,anglais,knight
famiclone,family,clone,other
niggerabilia,nigger,memorabilia,other
shockvertising,shock,advertising,other
palinthusiasm,palin,enthusiasm,other
mobocracy,mob,democracy,other
budtender,bud,bartender,other
pensieve,pensive,sieve,other
bullycide,bullying,suicide,knight
spangel,spike,angel,other
rendezbooze,rendezvous,booze,other
lawlrus,lawl,walrus,other
billex,bill,alex,knight
architectronica,architect,electronica,other
newrun,new,rerun,knight
instrumedley,instrument,medley,knight
pizzone,pizza,calzone,other
tenderoni,tender,macaroni,other
wuss,wimp,pussy,other
amerind,american,indian,other
irrightional,irrational,right,other
vinsanity,vince,insanity,other
cockblocalypse,cockblock,apocalypse,other
mizzle,mist,drizzle,knight
tweenage,teenage,tween,other
boobular,boob,spectacular,other
screenager,screen,teenager,knight
toonami,cartoon,tsunami,other
celescalating,celestial,escalating,other
godcast,god,podcast,other
pedobear,pedophile,bear,other
prequel,precede,sequel,other
celtadelic,celtic,psychedelic,other
yosicle,yogurt,popsicle,other
infinitionaire,infinity,millionaire,other
earmarxist,earmark,marxist,other
scuzz,scum,fuzz,other
cyberpsychology,cybernetic,psychology,other
fedex,federal,ex,knight
chalko,chalk,typo,other
odditorium,odd,auditorium,knight
serdes,serialize,deserialize,other
condomplation,condom,contemplation,other
divatude,diva,attitude,other
blasian,black,asian,knight
bash,bang,smash,other
pegasister,pegasus,sister,other
frankenfish,frankenstein,fish,other
disgustipated,disgust,constipated,other
patternicity,pattern,capacity,other
soundscape,sound,landscape,knight
yugopotamia,yugoslavia,mesopotamia,knight
shart,shit,fart,knight
familiated,family,humiliated,other
fungineering,fun,engineering,other
amtrak,american,track,other
jeggings,jean,leggings,other
metrosexual,metropolitan,heterosexual,knight
torrible,terrible,horrible,other
geoenable,geospatial,enablement,other
snowpocalypse,snow,apocalypse,other
prancercise,prance,exercise,other
jazzerina,jazz,ballerina,other
sexercise,sex,exercise,knight
bacne,back,acne,other
plastiglomerate,plastic,agglomerate,other
skitching,skating,hitching,other
masstige,mass,prestige,knight
manwich,man,sandwich,other
quexistence,quest,existence,other
drarry,draco,harry,other
fasturbate,fast,masturbate,other
sexile,sex,exile,knight
shockumentary,documentary,shock,other
carbage,car,garbage,other
pornograffiti,pornography,graffiti,knight
chigorette,chigorin,cigarette,knight
shnot,shit,snot,other
murse,male,nurse,other
carbonics,car,ebonics,other
franglais,french,english,other
transponder,transmitter,responder,knight
sneezetipated,sneeze,anticipated,other
parkade,parking,arcade,knight
awkfeat,awkward,fest,other
funtastic,fun,fantastic,other
toonie,two,loonie,knight
smelloscope,smelly,tellyscope,other
fagnitude,fag,magnitude,other
arcology,architecture,ecology,knight
spamalot,spam,camelot,knight
olionaire,oil,millionaire,other
brogrammer,brother,programmer,other
hassle,haggle,tussle,other
swisslish,swiss,english,other
altadena,alta,pasadena,knight
phablet,phone,tablet,other
botel,boat,hotel,other
floordrobe,floor,wardrobe,other
snoogle,snuggle,coddle,other
yestergay,yesterday,gay,knight
verizon,veritas,horizon,knight
comcastic,comcast,fantastic,knight
balloonicle,balloon,vehicle,other
backronym,backwards,acronym,knight
masshole,massachusetts,asshole,other
smark,smart,mark,knight
congraduations,congratulations,graduation,other
decaflon,decaf,decathlon,other
netiquette,internet,etiquette,other
ideanomics,idea,economics,knight
froogle,frugal,google,knight
nintenditis,nintendo,tendonitis,other
nontroversy,non,controversy,knight
niubility,niubi,ability,other
bleen,blue,green,knight
backne,back,acne,other
blutter,blabber,stutter,other
folksonomy,folk,taxonomy,knight
hinglish,hindi,english,knight
alcoholiday,alcohol,holiday,other
hispander,hispanic,pander,other
hazmat,hazardous,material,other
cassingle,cassette,single,knight
muppet,marionette,puppet,other
fanon,fan,canon,knight
castrophony,catastrophe,cacaphony,other
fergelicious,fergie,delicious,knight
driday,drink,friday,other
bragabond,brag,vagabond,other
fembot,female,robot,other
jazzercise,jazz,exercise,knight
skevanston,skokie,evanston,knight
prostitot,prostitute,tot,other
cheeseburger,cheese,hamburger,other
mattel,matt,elliot,other
pretext,pretend,text,other
panormous,pan,enormous,other
meninist,men,feminist,other
sloading,slow,loading,other
nillionaire,nil,millionaire,other
wincest,winchester,incest,other
glasshole,glass,asshole,other
caterpallor,caterpillor,palor,other
adjectard,adjective,retard,other
squintern,squint,intern,other
calexico,california,mexico,knight
sportscast,sports,broadcast,other
debargue,debate,argument,other
pekapoo,pekingnese,poodle,other
laundromat,laundry,mat,other
alpacalypse,alpaca,apocalypse,other
bromance,brother,romance,other
cumberbitch,cumberbatch,bitch,other
crisitunity,crisis,opportunity,knight
nylon,ny,london,other
stiction,static,friction,other
blotch,blot,botch,other
spamtard,spam,retard,other
stragmatics,strategy,pragmatics,other
jackalope,jackrabbit,antelope,other
protoflight,prototype,flight,other
discustion,disgust,discussion,other
ecomagination,ecology,imagination,other
juggersnot,juggernaut,snot,other
fedex,federal,express,other
presenteeism,present,absenteeism,other
greedonomics,greed,economics,other
ringxiety,ring,anxiety,knight
navelencia,navel,valencia,other
ineptitude,inept,aptitude,knight
smellephant,smell,elephant,other
glitterati,glitter,literati,other
memex,memory,index,other
manssiere,man,brassier,other
celesbian,celebrity,lesbian,knight
lox,liquid,oxygen,other
nonversation,non,conversation,other
glenbard,glen,lombard,knight
genome,gene,chromosome,other
holidaze,holiday,daze,other
gerrymander,gerry,salamander,knight
multimodal,multiple,modal,other
graphilator,graph,calculator,other
digimon,digital,monster,other
kleptoking,kleptocrat,king,other
opprescedent,oppressive,precedent,other
limon,lime,lemon,knight
spamalot,camelot,spam,other
himbo,him,bimbo,other
breathalyzer,breath,analyzer,other
corpsicle,corpse,popsicle,other
agitprop,agitation,propaganda,other
nanotech,nano,technology,other
administrivia,administration,trivia,other
motel,motor,hotel,knight
abend,abnormal,end,other
bit,binary,digit,knight
skaunchy,skanky,raunchy,other
blogjam,blog,logjam,other
kripkenstein,kripke,wittgenstein,knight
nerdvana,nerd,nirvana,other
beerios,beer,cheerios,other
kidcessory,kid,accessory,other
breastimate,breast,estimate,other
badvice,bad,advice,other
obamacare,obama,healthcare,other
frumious,fuming,furious,other
cosmeceutical,cosmetic,pharmaceutical,other
travelogue,travel,monologue,other
compaq,compatibility,quality,other
transmisogyny,transphobia,misogyny,other
vagitarian,vagina,vegetarian,other
breathalyser,breath,analyser,other
stoup,stew,soup,other
fortnight,fourteen,nights,other
awkword,awkward,word,other
introdouche,introduction,douchebag,other
pandrogynous,pander,androgynous,other
electrocution,electronic,execution,other
cyberdelic,cyber,psychedelic,other
mancession,man,recession,other
citibank,city,bank,other
spectacooler,spectacular,cooler,other
penigallery,penis,gallery,other
playware,play,software,other
caraoke,car,karaoke,other
beerage,beer,peerage,knight
pastability,pasta,possibility,other
tehrangeles,tehran,losangeles,knight
librat,library,brat,other
molestache,mole,moustache,other
freepon,free,coupon,other
viewtiful,view,beautiful,other
tomacco,tomato,tobacco,knight
dildacity,dildo,audacity,other
shwasted,shit,wasted,other
fagag,fag,gag,other
apatheist,apathy,theist,other
citigroup,city,group,other
rectumobile,rectum,automobile,other
sexercism,sex,exorcism,other
fergalicious,fergie,delicious,other
halfalogue,half,dialogue,other
automobilia,automobile,memorabilia,knight
nutraceutical,nutra,pharmaceutical,other
nerdstalgia,nerd,nostaglia,other
paratrooper,parachute,trooper,other
vegeterrible,vegetarian,terrible,other
handcestors,hand,ancestors,other
kinect,kinetic,connect,other
automagical,automatic,magical,knight
affemorrow,after,tomorrow,other
cyberchondriac,cyber,hypochondriac,other
merkozy,merkel,sarkozy,knight
gearotica,gear,erotica,other
murderotica,murder,erotica,knight
bankster,banker,gangster,other
simulcasting,simultaneous,broadcasting,other
wario,warui,mario,knight
econocrat,economist,bureaucrat,other
mimbo,male,bimbo,knight
belfie,butt,selfie,other
advict,advil,addict,other
fauxhawk,faux,mohawk,other
wakeeney,warren,keeney,other
cineplex,cinema,complex,other
scrumlicious,scrumptious,delicious,other
malvertising,malicious,advertising,other
burninate,burn,terminate,other
textpectation,text,expectation,other
creeperazzi,creepy,paparazzi,other
wikiality,wiki,reality,knight
blackanese,black,japanese,knight
introsexual,introvert,sexual,other
employagility,employability,agility,knight
bremain,britain,remain,other
aberzombie,abercrombie,zombie,other
horngry,horny,hungry,other
beardruff,beard,dandruff,other
anvilicious,anvil,malicious,other
taxicab,taximeter,cabriolet,other
guitard,guitar,retard,knight
positron,positive,electron,other
edexcel,educational,excellence,other
parasailing,parachute,sailing,other
emoticon,emotion,icon,other
anarchitecture,anarchy,architecture,other
alstom,alsace,thompson,other
brony,brother,pony,other
tanglish,tamil,english,knight
tigon,tiger,lion,knight
taxachusetts,tax,massachusetts,knight
animatronic,animate,electronic,other
czechoslovakia,czech,slovakia,other
dramedy,drama,comedy,knight
doucheblog,douchebag,blog,other
insinnuendo,insinuate,innuendo,knight
drawble,drawing,drabble,other
netocracy,internet,aristocracy,other
congressing,congress,digressing,other
skyjack,sky,hijack,knight
friendcest,friend,incest,other
edgehog,edge,hedgehog,other
freakonomics,freak,economics,knight
moped,motor,pedal,knight
epigenetics,epigenesis,genetics,other
irregardless,irrespective,regardless,knight
voluntold,volunteer,told,other
cryptex,cryptology,codex,knight
sparklepire,sparkle,vampire,other
favicon,favourite,icon,other
chinglish,chinese,english,knight
boughetto,bourgeois,ghetto,other
electrocution,electricity,execution,knight
celebutant,celebrity,debutant,other
oxbridge,oxford,cambridge,other
manhattanhenge,manhattan,stonehenge,other
hypathenuse,hypotenuse,path,other
godsome,godly,awesome,other
narcoterrorism,narcotics,terrorism,knight
swaption,swap,option,knight
edutainment,education,entertainment,knight
irritainment,irritation,entertainment,other
glenbrook,glenview,northbrook,knight
flavorgasm,flavor,orgasm,other
fauxllet,faux,mullet,other
hunglish,hungarian,english,knight
amway,american,way,other
transistor,transfer,resistor,knight
liboobrian,librarian,boob,other
weejun,norwegian,injun,other
bedgasm,bed,orgasm,other
nova,northern,virginia,other
pornocchio,porn,pinocchio,other
lapdesk,laptop,desktop,other
phoneme,phonetics,scheme,knight
popcrack,popcorn,crack,other
joggling,jogging,juggling,knight
indialantic,indian,atlantic,other
cunterrupted,cunt,interrupted,other
fridget,fridge,widget,other
hacktivism,hack,activism,other
frappuccino,frappe,cappuccino,knight
podcast,pod,broadcast,knight
troopergate,trooper,watergate,knight
funfetti,fun,confetti,other
jewbilee,jew,jubilee,other
abansion,abandoned,mansion,other
mascary,mascara,scary,other
fictionary,fiction,dictionary,other
documercial,documentary,commercial,knight
miscreantics,miscreant,antics,other
advertecture,advertising,architecture,knight
tween,teen,between,other
chemokine,chemotactic,cytokine,other
clownmander,clown,commander,other
naco,nacho,taco,knight
avionics,aviation,electronics,knight
utilidor,utilities,cooridor,other
sargasm,sarcasm,orgasm,other
prostiboots,prostitute,boots,other
lolarious,lol,hilarious,other
lexpionage,lexion,espionage,other
grantartica,grant,antartica,other
carefronting,care,confronting,other
freeware,free,software,other
bioterrorism,biological,terrorism,other
manazon,man,amazon,other
pastafarian,pasta,rastafarian,knight
gleek,glee,geek,other
literotica,literature,erotica,knight
popaganda,pop,propaganda,other
alltheist,all,theist,other
magriffic,magnificent,terrific,other
showmance,show,romance,other
charticle,chart,article,other
cupidity,cupid,stupidity,other
sleepathon,sleep,marathon,other
gasohol,gasoline,alchohol,other
revolusongs,revolution,songs,other
pronasty,professional,nasty,other
factoid,fact,haemorrhoid,other
assne,ass,acne,other
botax,botox,tax,other
snozzle,snuggle,nuzzle,other
dumbfound,dumb,confound,other
glamping,glamour,camping,other
fascinaddict,fascinate,addict,other
libercarelessian,libertarian,careless,other
dudevorce,dude,divorce,other
guesstimate,guess,estimate,knight
lactivism,lactation,activism,other
momager,mother,manager,other
adorabubble,adorable,bubble,other
sanskritism,sanskrit,neologism,other
sexationship,sex,relationship,other
funkinetics,funk,kinetics,other
czenglish,czech,english,knight
mechatronics,mechanical,electronics,other
dubtitle,dub,subtitle,other
brangelina,brad,angelina,knight
steelionaire,steel,millionaire,other
fluidrive,fluid,drive,knight
snart,sneeze,fart,other
paratroop,parachute,troop,other
eurasia,europe,asia,other
eracist,erase,racist,other
infotainment,information,entertainment,other
illuminanswer,illuminate,answer,other
carcolepsy,car,narcolepsy,other
chiberia,chicago,siberia,other
caltrain,california,train,other
schnoodle,schnauzer,poodle,knight
giraffiti,giraffe,grafitti,other
novembeard,november,beard,other
beurgeois,beur,bourgeois,knight
kabloom,kaboom,bloom,other
worderful,word,wonderful,other
libgasm,liberal,orgasm,other
fandom,fan,kingdom,other
trill,true,real,other
freemium,free,premium,other
freshomore,fresh,sophomore,other
cliterati,clitoris,literati,other
skyaking,sky,kayaking,other
incredibad,incredible,bad,other
shambolic,shamble,diabolic,other
squand,sand,aqua,other
slantendicular,slant,perpendicular,other
brogrammer,bro,programmer,knight
lacrosstitute,lacrosse,prostitute,other
argmax,argument,maximum,other
cremains,cremated,remains,other
wordcore,word,hardcore,other
ineption,inept,inception,other
joyage,joy,voyage,other
redditor,reddit,editor,other
punny,pun,funny,other
scanchy,scandalous,raunchy,other
wikidemia,wiki,academia,other
digerati,digital,literati,knight
manscape,man,landscape,other
googleganger,google,doppelganger,other
telethon,telephone,marathon,other
pharming,pharmaceutical,farming,other
consumicane,consumer,hurricane,other
boost,boom,hoist,other
internest,internet,nest,other
hackintosh,hack,macintosh,knight
trongs,tri,tongs,other
bakerloo,bakerstreet,waterloo,other
valleyspeak,valley,speaker,other
geocaching,geography,caching,other
genderbread,gender,gingerbread,other
mexicali,mexico,california,other
abstakiss,abstain,kiss,other
amerithrax,american,anthrax,other
hairagami,hair,origami,other
spoopy,spooky,boop,other
aquabatics,aqua,acrobatics,other
blog,web,log,other
wordsessive,word,obsessive,other
backstitution,back,substitution,other
lacostitute,lacoste,prostitute,other
elviscerate,elvis,eviscerate,other
snizzle,snow,drizzle,other
pornament,porn,ornament,other
intellicentre,intelligent,centre,knight
spamdex,sound,index,other
jeopard,jaguar,leopard,knight
textrovert,text,extrovert,other
hotsome,hot,awesome,other
pinterest,pin,interest,knight
prodiction,pro,prediction,other
dancelexia,dance,dyslexia,other
cameleopard,camel,leopard,knight
webcam,web,camera,other
outpatient,outside,patient,other
stoption,stop,option,other
hacktivism,hacker,activism,other
podcasting,ipod,broadcasting,other
victorinox,victoria,inox,other
boregasm,boredom,orgasm,other
vitamer,vitamin,isomer,knight
fluidram,fluid,dram,knight
groutfit,group,outfit,other
sqrat,squirrel,rat,other
abandonware,abandoned,software,other
sharenting,share,parenting,other
workaholic,work,alcoholic,knight
bionicle,biological,chronicle,other
starchitect,star,architect,knight
affectitties,affect,titties,other
aqualibrium,aquatic,equilibrium,other
revengicide,revenge,suicide,other
manimal,man,animal,knight
scoopula,scoop,spatula,other
sexcretary,sex,secretary,other
smaze,smoke,haze,knight
thanksgivukkah,thanksgiving,hanukkah,other
alcoholimia,alcohol,bulimia,other
margaritarded,margarita,retarded,other
anecdoubt,anecdote,doubt,other
evacucation,evacuation,vacation,other
sexcapade,sex,escapade,knight
fugly,fucking,ugly,other
glitz,glamour,ritz,other
fertigate,fertilize,irrigate,knight
multiverse,multiple,universe,other
emola,emotion,ebola,other
jackintosh,jack,macintosh,other
brunch,breakfast,lunch,knight
sophomoronic,sophomore,moronic,other
smash,smack,mash,other
thangry,thirsty,hungry,other
earwitness,ear,eyewitness,other
poptastic,pop,fantasy,other
craptacular,crap,spectacular,knight
rolodex,rolling,index,other
napalm,naphthene,palmitate,other
sharted,shit,farted,other
amazonukkah,amazon,hanukkah,other
facronym,fact,acronym,other
bigorexia,big,anorexia,other
brainiac,brain,maniac,knight
obamanomics,obama,economics,other
deliquid,delicious,liquid,knight
rebuse,rebuke,abuse,other
buddhaverse,buddha,universe,other
texel,texture,element,other
crapella,crap,capella,other
annoyicon,annoying,icon,other
vermonster,vermont,monster,knight
kapoop,kaput,poop,other
nerdgy,nerd,orgy,other
jardee,jardanup,deeside,other
frankenfood,frankenstein,food,other
neverendum,never,referendum,other
boswash,boston,washington,other
webciety,web,society,other
femdom,female,dominance,other
sacrilicious,sacrilege,delicious,knight
meld,melt,weld,knight
hipsturbia,hipster,suburbia,knight
mockney,mock,cockney,knight
bollywood,bombay,hollywood,knight
owlmaha,owl,omaha,other
anecdotage,anecdote,dotage,other
mactionary,mac,dictionary,other
misogynoir,misogyny,noir,other
wavicle,wave,particle,other
yinglish,yiddish,english,knight
twitler,twitter,hitler,other
coxbox,coxswain,box,other
mocktail,mock,cocktail,knight
chairdrobe,chair,wardrobe,other
walmart,walton,mart,other
cinemax,cinema,maximum,other
sheeple,sheep,people,knight
linux,linus,unix,knight
chocotaco,chocolate,taco,other
spatique,spa,boutique,other
ghostvator,ghost,elevator,other
thermistor,thermal,resistor,knight
funcated,fun,truncated,other
nit,napierian,digit,other
relationshit,relationship,shit,other
petrochemical,petroleum,chemical,other
beardo,beard,weirdo,other
philantrophy,philanthropy,trophy,knight
adultolescence,adult,adolescence,other
dancersize,dance,circumsize,other
swapportunity,swap,opportunity,knight
spork,spoon,fork,knight
lavacid,lava,acid,other
glamazon,glamour,amazon,other
evailable,electronic,available,other
flabdomen,flab,abdomen,other
homance,hoe,romance,other
ambisextrous,ambidextrous,sex,other
sexpert,sex,expert,knight
roverload,rove,overload,other
webinar,web,seminar,knight
ethubious,ethical,dubious,other
horrocious,horrendous,atrocious,other
redox,reduction,oxidation,other
shlam,slam,ham,other
malware,malicious,software,other
lesbro,lesbian,bro,other
breturn,britain,return,other
flong,flip,pong,knight
medifraud,medical,fraud,other
cablecast,cable,broadcast,other
nuyorican,newyork,puertorican,knight
shareware,share,software,other
artsci,art,science,other
oreolization,oreo,realization,other
faction,fact,fiction,knight
factivist,fact,activist,other
viewser,view,browser,other
fraubtier,frau,raubtier,other
protohype,prototype,hype,other
chokebreaker,chokeslam,backbreaker,knight
charry,cho,harry,other
docufiction,documentary,fiction,other
digipeater,digital,repeater,knight
tanzania,tanganiyaka,zanzibar,other
keytar,keyboard,guitar,knight
rockumentary,rock,documentary,knight
jitterati,jitter,literati,other
codec,coder,decoder,other
bookstagram,book,instagram,other
snatiation,sneeze,satiation,knight
brynette,bree,lynette,other
flashpacking,flash,backpacking,other
multiplex,multiple,complex,knight
mobload,mobile,upload,knight
prosumer,professional,consumer,other
ametrine,amethyst,citrine,other
hairigami,hair,origami,knight
microsoft,microcomputer,software,other
admirampathy,admiration,empathy,other
excitipated,excited,constipated,other
lapcorn,lap,popcorn,other
japanimation,japanese,animation,other
infomercial,information,commercial,knight
passfusion,password,confusion,other
foreteen,foreman,thirteen,other
vombomb,vomit,bomb,other
ironeous,irony,erroneous,other
manicorn,man,unicorn,other
jerksome,jerk,irksome,other
anacronym,anachronism,acronym,knight
radiopaque,radiation,opaque,other
mehthematician,meh,mathematician,other
machinema,machine,cinema,knight
screamapillar,scream,caterpillar,other
satisfries,satisfies,fries,knight
slore,slut,whore,other
motorcycle,motorized,bicycle,other
transfarency,transparency,fare,other
falk,facebook,stalk,other
obliviot,oblivious,idiot,other
adjunk,adjunct,junk,other
edexcel,educational,excel,knight
fungasm,fun,orgasm,other
absatively,absolutely,positively,other
cyborg,cybernetics,organism,other
blaxploitation,blacks,exploitation,other
kanwaka,kanwaka,wakarusa,other
talkartoon,talk,cartoon,other
herstory,her,history,knight
eargasm,ear,orgasm,other
fushi,fake,sushi,other
wordrobe,word,wardrobe,other
pisshap,piss,mishap,other
motorcare,motor,cavalcade,other
airpain,airplane,pain,other
autopia,automobile,utopia,other
parsec,parallax,second,other
videocracy,video,democracy,other
portanol,portuguese,espanol,knight
endorphin,endogenous,morphine,other
distractard,distract,retard,other
compfusion,computer,confusion,other
hasbian,hasbeen,lesbian,knight
maltuition,malnutrition,tuition,other
hathos,hate,pathos,other
thotcrates,thot,socrates,other
seascape,sea,landscape,other
carboloy,carbon,alloy,knight
precrestination,procrastination,crest,other
cosplay,costume,play,knight
lolocaust,lol,holocaust,other
phoneck,phone,neck,other
bozone,bozo,ozone,other
ambitchous,ambitious,bitch,other
feminoid,female,android,other
medicare,medical,healthcare,other
facebooklift,facebook,facelift,other
drunchies,drunk,munchies,other
greenwash,green,whitewash,other
fucrunk,fucking,drunk,other
moblog,mobile,weblog,other
negrotiation,negro,negotiation,other
tweetheart,tweet,sweetheart,other
courseware,course,software,other
mafic,magnesium,ferric,other
disturbia,disturb,suburbia,knight
pronsponsive,proactive,responsive,other
rogernomics,roger,economics,knight
vitamin,vital,amine,knight
skintimidate,skin,intimidate,other
sarchasm,sarcasm,chasm,other
cyborg,cybernetic,organism,knight
whino,whine,rhino,other
voxel,volumetric,pixel,other
newtmentum,newt,momentum,other
cashtration,cash,castration,other
womance,woman,romance,other
ebonics,ebony,phonics,knight
bardolatry,bard,idolatry,other
calgon,calcium,gone,other
sharktopus,shark,octopus,other
procastivity,procastination,productivity,other
singlish,singapore,english,other
promposal,prom,proposal,other
meowse,cat,mouse,other
deflicted,deformed,afflicted,other
maddenating,maddening,infuriating,other
jython,java,python,knight
passhole,pass,asshole,other
transceiver,transmitter,receiver,knight
insinuendo,insinuation,innuendo,other
plarn,plastic,yarn,knight
subtweet,subliminal,tweet,other
stupious,stupid,studious,other
chinderwear,chin,underwear,other
accuntable,accountable,cunt,other
brangus,brahmin,angus,knight
sofass,sofa,ass,other
contrail,condensation,trail,other
robsten,robert,kristen,other
famicom,family,computer,other
narutard,naruto,retard,other
texodus,texas,exodus,other
advertblasting,advertisement,blasting,other
frankenword,frankenstein,word,other
spokesblogger,spokesperson,blogger,other
declamatory,declarative,exclamatory,other
slutsident,slut,president,other
voluntown,volunteer,town,other
tanorexia,tan,anorexia,knight
sexcident,sex,accident,other
spife,spoon,knife,knight
ninjun,ninja,injun,other
offensieve,offensive,sieve,other
satisfice,satisfactory,suffice,knight
fratire,fraternity,satire,knight
tardass,retard,dumbass,other
oblividroid,oblivious,android,other
listicle,list,article,other
analrapist,analyst,therapist,other
cheappuccino,cheap,cappucciono,other
smudgemate,smudge,estimate,other
spambot,spam,robot,other
heliskiing,helicopter,skiing,other
glocal,global,local,other
governator,governor,terminator,other
stalkerazzi,stalker,paperazzi,knight
twincest,twin,incest,knight
phonestrated,phone,frustrated,other
famiclone,famicom,clone,knight
jagerbomb,jagermeister,bomb,other
googlezon,google,amazon,other
blook,blog,book,other
liger,lion,tiger,knight
cramerica,cramer,america,knight
barkour,bark,parkour,other
terrist,terra,terrorist,other
fruitomic,fruit,atomic,other
zedonk,zebra,donkey,other
homintern,homosexual,comintern,other
autotrocity,automotive,atrocity,other
netizen,internet,citizen,other
brouter,bridge,router,knight
chork,chopstick,fork,other
imagineering,imagination,engineering,knight
zeedonk,zebra,donkey,other
wonkavator,wonka,elevator,knight
niteflix,night,netflix,other
exsqueeze,excuse,squeeze,other
yankshake,yank,handshake,other
cinedigm,cinema,paradigm,knight
wifi,wireless,fidelity,other
chesticle,chest,testicle,other
afpak,afghanistan,pakistan,other
fabulosexual,fabulous,sexual,other
tactleneck,tactical,turtleneck,other
bactually,but,actually,other
netiquette,net,etiquette,knight
imagineering,imagine,engineering,other
altright,alternative,right,other
cablegram,cable,telegram,other
kissess,kiss,caress,other
murketing,murky,marketing,other
funimation,fun,animation,other
scriptment,script,document,other
finacle,financial,pinnacle,other
facehack,facebook,hack,other
boxercise,boxing,exercise,knight
phonicon,phonetics,lexicon,other
labradoodle,labrador,poodle,knight
frusion,fruit,fusion,knight
chiwaukee,chicago,milwaukee,knight
jesucentric,jesus,centric,other
disgussion,disgust,discussion,knight
religulous,religion,ridiculous,knight
pirattitude,pirate,attitude,other
bashtag,bash,hashtag,other
clink,click,link,knight
lidar,light,radar,other
garriage,gay,marriage,knight
chillaxing,chilling,relaxing,other
libtard,liberal,retard,other
gaddiction,gay,addiction,other
kiva,kate,ziva,other
jorts,jeans,shorts,knight
hangry,hunger,angry,other
cuckservative,cuckold,conservative,other
millux,miller,lux,other
provacawhoritive,provocative,whore,other
hatorade,hater,gatorade,other
fandom,fanatic,kingdom,other
telecast,television,broadcast,other
literasewer,literature,sewer,other
monterey,monte,rey,other
pleather,plastic,leather,knight
glamping,glamorous,camping,other
advertainment,advertisement,entertainment,other
sony,sonus,sonny,knight
brostache,bro,mustache,knight
fruitopia,fruit,utopia,knight
dormcest,dormitory,incest,other
scarberia,scarborough,siberia,other
botox,botulism,toxin,other
slurority,slut,sorority,other
smilence,smile,silence,other
feminazi,feminist,nazi,knight
treap,tree,heap,knight
hellway,hellish,hallway,other
beatles,beat,beetles,other
beefalo,beef,buffalo,knight
dissfensive,defensive,diss,other
pokemon,pocket,monster,other
skacore,ska,hardcore,other
staycation,stay,vacation,knight
alphanumeric,alphabetic,numeric,other
blogebitry,blog,celebrity,other
privoxy,private,proxy,knight
vermontster,vermont,monster,other
tangelo,tangerine,pomelo,knight
obamania,obama,mania,other
docusoap,documentary,soap,other
fantasmic,fantastic,orgasmic,other
aforetexted,aforementioned,texted,other
praystation,pray,playstation,other
hiberdating,hibernate,dating,other
caplet,capsule,tablet,knight
pictionary,picture,dictionary,knight
creamsicle,cream,popsicle,other
veepstakes,veep,sweepstakes,other
rubinomics,rubin,economics,knight
blogilates,blog,pilates,other
nigglet,nigger,piglet,other
cosmonism,cosmos,organism,other
methanol,methyl,alcohol,other
dazardous,dangerous,hazardous,other
lebronnabe,lebron,wannabe,other
qubit,quantum,bit,other
chronoptimist,chronology,optimist,other
prion,proteinaceous,infectious,other
mockumentary,mock,documentary,knight
televangelist,television,evangelist,knight
banjitar,banjo,guitar,knight
phonundrum,phone,conundrum,other
navahonky,navajo,hunky,other
sysadmin,system,administrator,other
statite,static,satellite,other
fairborn,fairfield,osborn,other
mayhaps,maybe,perhaps,other
kollywood,kodambakkam,hollywood,knight
formasual,formal,casual,other
snark,snide,remark,knight
nastronaut,nasa,astronaut,knight
pegacorn,pegasus,unicorn,other
bioneer,biological,pioneer,other
winco,winning,company,other
prevacid,prevent,acid,knight
smaze,smoke,maze,other
niftabulous,nifty,fabulous,other
seatac,seattle,tacoma,other
monsteroid,monster,asteroid,other
comcast,communication,broadcast,other
elevision,elevator,vision,other
guyliner,guy,eyeliner,knight
banquance,banquet,dance,other
gaydar,gay,radar,knight
midnitini,midnight,martini,other
ubertastic,uber,fantastic,other
glymphatic,glial,lymphatic,other
aricent,arise,ascent,knight
kidvid,kid,video,other
parentnoia,parent,paranoia,other
typerventilate,type,hyperventilate,other
metrosexual,metro,homosexual,other
minja,midget,ninja,knight
pellistor,pellet,resistor,other
commuticate,commute,comminicate,other
cyberdelic,cybernetics,psychedelic,knight
bareoke,bare,kareoke,other
manther,man,panther,other
condem,conservative,democrats,other
hiccurp,hiccup,burp,other
grue,green,blue,knight
adfested,ad,infested,other
aftorning,after,morning,other
moonscape,moon,landscape,other
awksauce,awkward,sauce,other
biopic,biography,picture,other
nostracize,nose,ostracize,other
errtime,every,time,other
penngineer,penn,engineer,other
netvertible,net,convertible,other
folex,fake,rolex,other
nounjective,noun,adjective,other
jihobbyist,jihad,hobbyist,other
rawoman,ramen,woman,other
humanure,human,manure,knight
machinima,machine,cinema,other
melodyssey,melodic,odyssey,knight
puggle,pug,beagle,other
swenglish,swedish,english,knight
broscience,brother,science,other
celebutante,celebrity,debutante,other
knork,knife,fork,other
alphabet,alpha,beta,other
hormotion,hormone,emotion,other
eurabia,europe,arabia,knight
forgirl,former,girl,knight
email,electronic,mail,other
pregnesia,pregnancy,amnesia,other
masturwait,masturbate,wait,other
splogger,spam,blogger,other
spirmitment,spirit,commitment,other
presstitute,press,prostitute,other
neargasm,near,orgasm,other
animatrix,anime,matrix,other
crooklyn,crook,brooklyn,knight
permaculture,permanent,agriculture,other
chortle,chuckle,snort,other
chindia,china,india,other
galumph,gallop,triumph,knight
refudiate,refute,repudiate,other
scanlation,scan,translation,knight
ecotage,ecology,sabotage,other
blurst,best,worst,other
intercom,internal,communication,other
folksonomy,folks,taxonomy,other
beatnik,beat,sputnik,other
brandwagon,brand,wagon,other
hetlagged,hetero,jetlagged,other
ridiculosity,ridiculous,monstrosity,other
mangina,man,vagina,other
tamiami,tampa,miami,other
kpop,korean,pop,other
dataveillance,data,surveillance,other
faby,food,baby,other
camcorder,camera,recorder,other
exercycle,exercise,cycle,knight
snowmageddon,snow,armageddon,other
aurictate,aurium,lactate,other
dilemmachine,dilemma,machine,knight
appsessed,app,obsessed,other
conglomocoffee,conglomerate,coffee,other
chairobics,chair,aerobics,other
accountabilibuddy,accountability,buddy,other
fabulash,fabulous,eyelash,other
zonkey,zebra,donkey,knight
awesmazing,awesome,amazing,other
doppelbangers,doppelgangers,bang,other
nicorette,nicotine,cigarette,knight
killdozer,kill,bulldozer,other
kidult,kid,adult,knight
gypish,gypsy,cheapish,knight
billary,bill,hillary,other
clopen,closed,open,knight
bankster,bank,gangster,knight
intellivision,intelligent,television,other
fudgsicle,fudge,popsicle,other
gamestorming,games,brainstorming,other
guitarthritis,guitar,arthritis,other
globesity,global,obesity,other
delran,delaware,rancocas,other
bassackwards,backwards,ass,other
lupper,lunch,supper,knight
finsta,fake,insta,other
prissy,prim,sissy,other
japanimation,japan,animation,other
mozilla,mosaic,godzilla,knight
romomentum,romo,momentum,other
explornography,explore,pornography,other
adorapresh,adorable,precious,other
flexicurity,flexibility,security,knight
microllege,micro,college,other
balloonatics,balloon,fanatics,other
motorcade,motor,cavalcade,other
quasar,quasistellar,star,other
mexinigger,mexican,nigger,other
cocacolonization,cocacola,colonization,knight
destinesia,destiny,amnesia,other
disposophobia,disposal,phobia,other
precariat,precarious,proletariat,other
ezine,electronic,magazine,other
lebum,lebron,bum,other
islamofascist,islamic,fascist,other
fanzine,fan,magazine,other
squiggle,squirm,wiggle,knight
magnadoodle,magnetic,doodle,other
clapathy,clap,apathy,other
yogalates,yoga,pilates,knight
facebrag,facebook,brag,other
swooshtika,swoosh,swastika,other
incognegro,incognito,negro,other
blorph,blend,morph,knight
factitious,fact,ficticious,other
triscuit,triple,biscuit,other
jangle,jingle,dangle,other
russlish,russian,english,other
bionicle,bionic,chronicle,knight
rockabilly,rocknroll,hillybilly,other
meowse,meow,mouse,knight
accenture,accent,future,knight
animutation,animation,mutation,knight
frenemy,friend,enemy,knight
frape,facebook,rape,other
mantrum,man,tantrum,other
bridezilla,bride,godzilla,other
konglish,korean,english,knight
beepilepsy,beep,epilepsy,other
instrumedley,instrumental,medley,other
twinight,twilight,night,other
conrail,consolidated,rail,other
bayonetwork,bayonet,network,knight
viewmongous,view,humongous,other
latergram,later,instagram,other
nerdjacking,nerd,hijacking,other
marchitecture,marketing,architecture,knight
newscast,news,broadcast,other
kirginity,kiss,virginity,other
badical,bad,radical,other
advertainment,advertising,entertainment,knight
neverendum,neverending,referendum,other
clintwood,clinton,eastwood,knight
cellfish,cellphone,selfish,other
wigger,white,nigger,knight
microwait,microwave,wait,other
dadventure,dad,adventure,other
maltipoo,maltese,poodle,other
heteronormativity,heterosexual,normativity,other
febro,female,bro,other
britcom,british,comedy,other
wholphin,whale,dolphin,knight
calistoga,california,saratoga,other
planimal,plant,animal,other
kentuckiana,kentucky,indiana,knight
interrobang,interrogative,bang,knight
residrool,residue,drool,other
weasleycest,weasley,incest,other
engayed,engaged,gay,other
blogairy,blog,diary,other
austerical,austerity,hysterical,knight
slambulance,slam,ambulance,other
laborhood,labor,neighborhood,other
mobitone,mobile,tone,other
romcom,romantic,comedy,other
skort,skirt,short,knight
beerlicious,beer,delicious,other
cacaophony,cacaphony,cocoa,other
telex,teleprinter,exchange,other
chiptease,chip,striptease,other
brunner,breakfast,dinner,other
michiana,michigan,indiana,knight
cuddleship,cuddle,relationship,other
pomato,potato,tomato,other
manlimony,man,alimony,other
drice,dry,ice,other
forgirl,former,girlfriend,other
because,by,cause,other
pixelante,pixel,vigilante,other
lullabuoy,lullaby,buoy,other
intaxication,intoxication,tax,other
absoludicrous,absolutely,ridiculous,other
decorcize,decor,exorcize,other
affluenza,affluence,influenza,knight
waitrose,waite,rose,other
pallywood,palestinian,hollywood,knight
balun,balanced,unbalanced,other
himsomnia,him,insomnia,other
grasscycle,grass,recycle,knight
spillion,spill,million,other
butterflump,butterfly,flump,other
screenshot,screen,snapshot,other
sitcom,situation,comedy,other
arberati,arbor,literati,other
chavtastic,chav,fantastic,other
jeggings,jeans,leggings,knight
nintendonitis,nintendo,tendonitis,knight
slanguistics,slang,linguistics,other
mansplaining,man,explaining,other
narcissistick,narcissist,stick,other
clamato,clam,tomato,knight
policenauts,police,astronaut,other
smog,smoke,fog,knight
nonpology,non,apology,other
cockapoo,cocker,poodle,other
goaltimate,goal,ultimate,other
birthmas,birthday,christmas,other
murse,man,purse,knight
hotlanta,hot,atlanta,knight
stan,stalker,fan,other
ruthanasia,ruth,euthanasia,knight
eyeolating,eye,violating,other
ipeeper,ipod,peeper,other
trumpkin,trump,pumpkin,other
ultrabook,ultraportable,notebook,other
blotch,blot,hotch,other
wikizen,wiki,citizen,other
cabarenaissance,cabaret,renaissance,other
advertorial,advertisement,editorial,other
bluetool,bluetooth,tool,other
manscaping,man,landscaping,knight
squitten,squirrel,kitten,other
digicam,digital,camera,other
vlog,video,blog,knight
drinkathon,drink,marathon,other
netocracy,net,aristocracy,knight
thinspiration,thin,inspiration,other
confuzzled,confused,puzzled,other
vietnamasian,vietnamese,asian,knight
mutex,mutual,exclusion,other
vog,volcano,smog,other
bachmeyes,bachman,eyes,other
stragedy,strategy,tragedy,other
boycon,boy,conversation,other
sexting,sex,texting,knight
bodacious,bold,audacious,knight
econometric,economics,metric,other
medicare,medical,care,other
wallaroo,wallaby,kangaroo,knight
netizen,net,citizen,knight
internet,international,network,other
shockumentary,shock,documentary,knight
fucktard,fucking,retard,other
blaysted,blazed,blasted,other
brangus,brahman,angus,other
anticipointment,anticipation,disappointment,other
advertorial,advertising,editorial,knight
sarcastrophe,sarcasm,catastrophe,other
runescape,rune,landscape,other
capcom,capsule,communicator,other
vegevangelical,vegan,evangelical,other
damntastic,damn,fantastic,other
neighbornet,neighbor,internet,other
croissandwich,croissant,sandwich,other
mechatronics,mechanics,electronics,other
screwvenir,screw,souvenir,other
prostadude,prostitute,dude,other
chillax,chill,relax,knight
bakerloo,baker,waterloo,knight
runasty,run,nasty,other
agnoptimist,agnostic,optimist,other
taglish,tagalog,english,knight
refirement,retirement,fire,other
bamon,bonnie,damon,other
gainsay,against,say,other
robocall,robotic,call,other
assmosis,ass,osmosis,other
bohunk,bohemian,hungarian,other
carmageddon,car,armageddon,other
ginormous,gigantic,enormous,knight
creople,creepy,people,other
snackrifice,snack,sacrifice,other
foon,fork,spoon,knight
flounder,flounce,blunder,other
californication,california,fornication,knight
danimals,dannon,animals,knight
bitchplosion,bitch,explosion,other
raggazine,rag,magazine,other
trifficult,try,difficult,other
mog,man,dog,knight
manstration,man,menstruation,other
zony,zebra,pony,knight
blipster,black,hipster,knight
fracket,fraternity,jacket,knight
smelloscope,smell,telescope,knight
chugger,charity,mugger,other
blackistani,black,pakistani,other
tanzania,tanganyika,zanzibar,other
pineosaur,pine,dinosaur,other
jewfro,jew,afro,other
guitalele,guitar,ukulele,other
podcast,ipod,broadcast,other
blobject,blob,object,other
melancholic,melancholy,alcoholic,other
grindlelore,grindelwald,dumbledore,other
nucleonic,nuclear,electronic,other
simulcast,simultaneous,broadcast,other
kinect,kinetic,connection,other
napalm,napthene,palmitate,other
fauxpology,faux,apology,other
argmin,argument,minimum,other
loopular,loop,circular,other
quebexican,quebecois,mexican,knight
infortainment,information,entertainment,knight
bragplaining,brag,explaining,other
mobisode,mobile,episode,knight
yellular,yell,cellular,other
zeitghost,zeitgeist,ghost,knight
wikipedia,wiki,encyclopedia,knight
webtrovert,web,extrovert,other
hillbot,hillary,bot,other
castleroid,castle,asteroid,other
frowculation,frown,calculation,other
strunk,stoned,drunk,knight
medijuana,medical,marijuana,other
cama,camel,llama,knight
brexit,britain,exit,other
procrasturbating,procrastination,masturbation,other
satisfice,satisfy,suffice,other
instaglam,instagram,glam,other
laggot,lag,faggot,other
plytanium,titanium,plywood,other
snice,snow,ice,other
biopic,biographical,picture,other
frappuccino,frapp,cappuccino,other
joygasm,joy,orgasm,knight
reshoring,return,offshoring,other
automagic,automatic,magic,knight
carborundum,carbon,corundum,knight
amtrak,america,track,other
sasshole,sass,asshole,other
edress,email,address,other
linsanity,lin,insanity,other
racne,rack,acne,other
telegenic,television,photogenic,other
epeen,electronic,penis,other
youniverse,you,universe,other
digivolve,digital,evolve,other
minimax,minimum,maximum,other
adminazi,admin,nazi,other
hipstocratical,hipster,hypocritical,other
gaymer,gay,gamer,other
moobs,man,boobs,knight
permafrost,permanent,frost,other
electrocute,electric,execute,other
nexis,ned,alexis,other
bionic,biology,electronic,other
telemarketing,telephone,marketing,other
fangore,fang,gore,other
cronut,croissant,donut,other
boxrec,boxing,records,other
proteome,proteins,genome,other
fantabulous,fantastic,fabulous,knight
multidude,multitude,dude,other
fearection,fear,erection,other
seussical,seuss,musical,knight
jewsome,jew,threesome,other
mothic,mod,gothic,knight
fursplode,fur,explode,other
amazome,amazing,awesome,other
canwood,canadian,woodlands,other
mexifornia,mexico,california,other
agreesome,agreement,threesome,other
spectralert,spectral,alert,knight
foreploy,foreplay,ploy,other
malamanteau,malapropism,portmanteau,other
fugly,fuck,ugly,knight
chumpionship,chump,championship,other
fictomercial,fiction,commercial,other
juneteenth,june,nineteenth,knight
sexploitation,sex,exploitation,knight
slackademic,slack,academic,other
aerosoul,aerosol,soul,other
pekeapoo,pekingese,poodle,other
execubabble,executive,babble,other
mimsy,miserable,flimsy,knight
cronut,croissant,doughnut,other
darkane,dark,arcane,knight
condragulations,congratulations,drag,other
googleheimer,google,alzheimer,other
corplaining,corporation,complaining,other
scromlette,scrambled,omelette,knight
cybrarian,cyber,librarian,other
jewtheran,jew,lutheran,other
inscape,interior,landscape,other
krogert,kroger,yogurt,other
darwine,darwin,wine,knight
negatude,negative,attitude,other
autotune,automatic,tune,other
angeurysm,anger,aneurysm,other
homocaust,homosexual,holocaust,knight
tofurkey,tofu,turkey,knight
acatramp,academic,trampoline,other
dohment,dawn,moment,other
dormobile,dormitory,automobile,other
ridonkulous,ridiculous,donkey,other
sitcom,situational,comedy,other
monthiversary,month,anniversary,other
frappucino,frappe,cappucino,other
mathlete,math,athlete,knight
teaffee,tea,coffee,other
zorse,zebra,horse,knight
republicrat,republican,democrat,other
cuntplaining,cunt,explaining,other
bedaffle,bedazzle,baffle,knight
diabesity,diabetes,obesity,other
tangry,tired,angry,other
arpanet,arpa,network,other
requestion,request,question,other
classitorium,class,auditorium,other
opinuendo,opinion,innuendo,knight
amerind,american,indigenous,knight
podestrian,pod,pedestrian,other
frogurt,frozen,yogurt,other
jizzney,jizz,disney,other
