dazardous,dangerous,hazardous,,,
confusopoly,confusion,monopoly,,,
spamalot,spam,camelot,,,
barkour,bark,parkour,,,
chokebreaker,chokeslam,backbreaker,,,
bollywood,bombay,hollywood,,,
blobject,blob,object,,,
nonpology,non,apology,,,
bootylicious,booty,delicious,,,
anvilicious,anvil,malicious,,,
shambolic,shamble,diabolic,,,
botax,botox,tax,,,
anacronym,anachronism,acronym,,,
shnot,shit,snot,,,
travelocity,travel,velocity,,,
tenderoni,tender,macaroni,,,
sexposition,sex,exposition,,,
homocaust,homosexual,holocaust,,,
beerage,beer,peerage,,,
michiana,michigan,indiana,,,
distractard,distract,retard,,,
statite,static,satellite,,,
killdozer,kill,bulldozer,,,
jewtheran,jew,lutheran,,,
glasshole,glass,asshole,,,
grindlelore,grindelwald,dumbledore,,,
sitcom,situation,comedy,,,
walmart,walton,mart,,
castrophony,catastrophe,cacaphony,,,
baseketball,basketball,baseball,,,
folex,fake,rolex,,,
lobstrosity,lobster,monstrosity,,,
cronut,croissant,donut,,,
diabesity,diabetes,obesity,,,
annoyicon,annoying,icon,,,
phonicon,phonetics,lexicon,,,
beerlicious,beer,delicious,,,
carbage,car,garbage,,,
lapdesk,laptop,desktop,,,
irritainment,irritation,entertainment,,,
rockabilly,rocknroll,hillybilly,,,
jeggings,jean,leggings,,,
digerati,digital,literati,,,
irrigon,irrigation,oregon,,,
marigo,maria,amigo,,,
exsqueeze,excuse,squeeze,,,
merkozy,merkel,sarkozy,,,
murse,male,nurse,,,
prion,proteinaceous,infectious,,,
warfarin,warf,coumarin,,,
scoopula,scoop,spatula,,,
elviscerate,elvis,eviscerate,,,
comcast,communication,broadcast,,,
sporgery,spam,forgery,,,
presstitute,press,prostitute,,,
sharenting,share,parenting,,,
slambulance,slam,ambulance,,,
hiberdating,hibernation,dating,,,
beerboarding,beer,waterboarding,,,
banquance,banquet,dance,,,
reshoring,return,offshoring,,,
driday,drink,friday,,,
fergalicious,fergie,delicious,,,
glamping,glamour,camping,,,
ponglish,polish,english,,,
documercial,documentary,commercial,,,
palinthusiasm,palin,enthusiasm,,,
prodiction,pro,prediction,,,
brangus,brahman,angus,,,
drinkathon,drink,marathon,,,
afterbating,after,masturbating,,,
vegeterrible,vegetarian,terrible,,,
showmance,show,romance,,,
spamdexing,spam,indexing,,,
jackintosh,jack,macintosh,,,
typerventilate,type,hyperventilate,,,
fucrunk,fucking,drunk,,,
celtadelic,celtic,psychedelic,,,
funtastic,fun,fantastic,,,
genderbread,gender,gingerbread,,,
ghostvator,ghost,elevator,,,
anadig,analog,digital,,,
dormcest,dormitory,incest,,,
billary,bill,hillary,,,
wallyball,wall,volleyball,,,
conlang,constructed,language,,,
gainsay,against,say,,,
earmarxist,earmark,marxist,,,
knork,knife,fork,,,
compaq,compatibility,quality,,,
liboobrian,librarian,boob,,,
nova,northern,virginia,,,
skitching,skating,hitching,,,
belfie,butt,selfie,,,
manscaping,man,landscaping,,,
nigglet,nigger,piglet,,,
precariat,precarious,proletariat,,,
calgon,calcium,gone,,,
freegan,free,vegan,,,
netiquette,internet,etiquette,,,
latination,latin,nation,,,
buttmunch,butt,munch,,,
jewbilee,jew,jubilee,,,
hotsome,hot,awesome,,,
homintern,homosexual,comintern,,,
cheesus,cheese,jesus,,,
funfetti,fun,confetti,,,
runescape,rune,landscape,,,
blogairy,blog,diary,,,
geocaching,geography,caching,,,
sloading,slow,loading,,,
fanon,fan,canon,,,
pixelante,pixel,vigilante,,,
hacktivism,hacker,activism,,,
eurogeddon,europe,armageddon,,,
sony,sonus,sonny,,,
swooshtika,swoosh,swastika,,,
chillaxing,chilling,relaxing,,,
yosicle,yogurt,popsicle,,,
netizen,internet,citizen,,,
monthiversary,month,anniversary,,,
gayby,gay,baby,,,
stupious,stupid,studious,,,
googleganger,google,doppelganger,,,
eracist,erase,racist,,,
schnoodle,schnauzer,poodle,,,
blaysted,blazed,blasted,,,
smaze,smoke,haze,,,
thermistor,thermal,resistor,,,
gaybernation,gay,hibernation,,,
mafic,magnesium,ferric,,,
delran,delaware,rancocas,,,
navelencia,navel,valencia,,,
spoopy,spooky,boop,,,
sqrat,squirrel,rat,,,
libercarelessian,libertarian,careless,,,
artsci,art,science,,,
narcoterrorism,narcotics,terrorism,,,
edress,email,address,,,
scarberia,scarborough,siberia,,,
globesity,global,obesity,,,
excimer,excited,dimmer,,,
wincest,winchester,incest,,,
fraudience,fraud,audience,,,
taglish,tagalog,english,,,
cuddleship,cuddle,relationship,,,
twinight,twilight,night,,,
wikidemia,wiki,academia,,,
libgasm,liberal,orgasm,,,
jardee,jardanup,deeside,,,
feminazi,feminist,nazi,,,
ideanomics,idea,economics,,,
flavorite,flavor,favorite,,,
darkane,dark,arcane,,,
clownmander,clown,commander,,,
introsexual,introvert,sexual,,,
craptacular,crap,spectacular,,,
fandom,fanatic,kingdom,,,
factoid,fact,haemorrhoid,,,
shopathon,shopping,marathon,,,
tactleneck,tactical,turtleneck,,,
adminazi,admin,nazi,,,
staycation,stay,vacation,,,
edexcel,educational,excellence,,,
cosplay,costume,play,,,
beaulicious,beautiful,delicious,,,
ninjelephant,ninja,elephant,,,
hathos,hate,pathos,,,
tanzania,tanganyika,zanzibar,,,
pisshap,piss,mishap,,,
netocracy,internet,aristocracy,,,
evailable,electronic,available,,,
illiana,illinois,indiana,,,
rebuse,rebuke,abuse,,,
minja,midget,ninja,,,
humanure,human,manure,,,
sophomoronic,sophomore,moronic,,,
petrochemical,petroleum,chemical,,,
masshole,massachusetts,asshole,,,
snatiation,sneeze,satiation,,,
illuminanswer,illuminate,answer,,,
alcopop,alcohol,pop,,,
facebooklift,facebook,facelift,,,
febro,female,bro,,,
alternawhore,alternative,whore,,,
pizzone,pizza,calzone,,,
feminicide,feminine,homicide,,,
pronsponsive,proactive,responsive,,,
beurgeois,beur,bourgeois,,,
bevalanche,beverage,avalance,,,
heteronormativity,heterosexual,normativity,,,
webcam,web,camera,
subtweet,subliminal,tweet,,,
agitprop,agitation,propaganda,,,
chipster,chip,hipster,,,
webciety,web,society,,,
juggersnot,juggernaut,snot,,,
boobular,boob,spectacular,,,
chalko,chalk,typo,,,
spamdex,sound,index,,,
dohment,doh,moment,,,
elephacts,elephant,facts,,,
fascinaddict,fascinate,addict,,,
amway,american,way,,,
pregnatory,pregnant,purgatory,,,
palicain,palin,mccain,,,
skyjack,sky,hijack,,,
brainiac,brain,maniac,,,
japanimation,japan,animation,,,
scuzz,scum,fuzz,,,
infinitionaire,infinity,millionaire,,,
cyborg,cybernetics,organism,,,
cockapoo,cocker,poodle,,,
crunk,crazy,drunk,,,
microllege,micro,college,,,
margaritarded,margarita,retarded,,,
voluntown,volunteer,town,,,
condomplate,condom,contemplate,,,
pumpkineer,pumpkin,engineer,,,
penigallery,penis,gallery,,,
snoogle,snuggle,coddle,,,
sacrilicious,sacrilege,delicious,,,
faction,fact,fiction,,,
bullycide,bullying,suicide,,,
valsetz,valley,siletz,,,
clapathy,clap,apathy,,,
academirrhea,academic,diarrhea,,,
happymonius,happy,harmonius,,,
prostiboots,prostitute,boots,,,
blotch,blot,hotch,,,
celebutante,celebrity,debutante,,
converstroyer,conversation,destroyer,,,
googlezon,google,amazon,,,
mornoon,morning,noon,,,
bennifer,ben,jennifer,,,
chavtastic,chav,fantastic,,,
drawble,drawing,drabble,,,
intertwingle,intertwine,intermingle,,,
mantrum,man,tantrum,,,
blatina,black,latina,,,
adjunk,adjunct,junk,,,
docusoap,documentary,soap,,,
folksonomy,folks,taxonomy,,,
arcology,architecture,ecology,,,
digimon,digital,monster,,,
fratastic,fraternity,fantastic,,,
darwine,darwin,wine,,,
librat,library,brat,,,
vomitrocious,vomit,atrocious,,,
heliskiing,helicopter,skiing,,,
abansion,abandoned,mansion,,,
batmobile,batman,automobile,,,
intellidating,intelligent,dating,,,
tweenage,teenage,tween,,,
stragmatics,strategy,pragmatics,,,
newtmentum,newt,momentum,,,
econometric,economics,metric,,,
mondaze,monday,daze,,,
camphone,camera,phone,,,
dubtitle,dub,subtitle,,,
consumicane,consumer,hurricane,,,
juneteenth,june,nineteenth,,,
killuminati,kill,illuminati,,,
vegevangelical,vegan,evangelical,,,
glob,globe,blob,,,
ginormous,gigantic,enormous,,,
peacherine,peach,nectarine,,,
japanimation,japanese,animation,,,
bohunk,bohemian,hungarian,,,
frumious,fuming,furious,,,
podcast,ipod,broadcast,,,
niteflix,night,netflix,,,
flong,flip,pong,,,
silastic,silicone,plastic,,,
fauxhawk,faux,mohawk,,,
scanchy,scandalous,raunchy,,,
sneezetipated,sneeze,anticipated,,,
amtrak,american,track,,,
chillax,chill,relax,,,
billex,bill,alex,,,
abend,abnormal,end,,,
advertecture,advertising,architecture,,,
digivolve,digital,evolve,,,
fulcer,fake,ulcer,,,
sheeple,sheep,people,,,
carcolepsy,car,narcolepsy,,,
snizzle,snow,drizzle,,,
poptastic,pop,fantasy,,,
permaculture,permanent,agriculture,,,
squintern,squint,intern,,,
nonversation,non,conversation,,,
facebrag,facebook,brag,,,
camerah,cameron,sarah,,,
strunk,stoned,drunk,,,
smelloscope,smelly,tellyscope,,,
badvice,bad,advice,,,
parkade,parking,arcade,,,
singlish,singapore,english,,,
protoflight,prototype,flight,,,
budtender,bud,bartender,,,
finimany,finitely,many,,,
jewpeg,jew,jpeg,,,
caterpallor,caterpillor,palor,,,
brony,brother,pony,,,
parsec,parallax,second,,,
glob,gob,blob,,,
freakonomics,freak,economics,,,
fembot,female,robot,,,
hatorade,hater,gatorade,,,
refirement,retirement,fire,,,
manazon,man,amazon,,,
tanzania,tanganiyaka,zanzibar,,,
fictomercial,fiction,commercial,,,
ubertastic,uber,fantastic,,,
gasohol,gasoline,alchohol,,,
recessionitis,recession,bronchitis,,,
kirginity,kiss,virginity,,,
mypod,my,ipod,,,
jeopard,jaguar,leopard,,,
companding,compressing,expanding,,,
medijuana,medical,marijuana,,,
prostadude,prostitute,dude,,,
libtard,liberal,retard,,,
electrocute,electric,execute,,,
nontroversy,non,controversy,,,
avgas,aviation,gasoline,,,
abstakiss,abstain,kiss,,,
kiva,kate,ziva,,,
paratrooper,parachute,trooper,,,
sasshole,sass,asshole,,,
cablegram,cable,telegram,,,
instrumedley,instrument,medley,,,
chortle,chuckle,snort,,,
foreteen,foreman,thirteen,,,
hiberdating,hibernate,dating,,,
fursplode,fur,explode,,,
discustion,disgust,discussion,,,
wikiquette,wiki,etiquette,,,
puggle,pug,beagle,,,
bridezilla,bride,godzilla,,,
robocall,robotic,call,,,
moco,montgomery,county,,,
boost,boom,hoist,,,
phablet,phone,tablet,,,
facehack,facebook,hack,,,
flexitarian,flexible,vegetarian,,,
transmisogyny,transphobia,misogyny,,,
architectronica,architect,electronica,,,
revolusongs,revolution,songs,,,
literasewer,literature,sewer,,,
maltuition,malnutrition,tuition,,,
quexistence,quest,existence,,,
botel,boat,hotel,,,
modem,modulator,demodulator,,,
trumpkin,trump,pumpkin,,,
chindia,china,india,,,
cyberdelic,cyber,psychedelic,,,
fudgsicle,fudge,popsicle,,,
bigorexia,big,anorexia,,,
femdom,female,dominance,,,
boxrec,boxing,records,,,
bankster,banker,gangster,,,
addendix,add,appendix,,,
altadena,alta,pasadena,,,
boswash,boston,washington,,,
fabulosexual,fabulous,sexual,,,
nastronaut,nasa,astronaut,,,
multiplex,multiple,complex,,,
adorabubble,adorable,bubble,,,
meld,melt,weld,,,
cuntplaining,cunt,explaining,,,
guesstimate,guess,estimate,,,
pineosaur,pine,dinosaur,,,
taardvark,retard,aardvark,,,
mandals,man,sandals,,,
mimbo,male,bimbo,,,
glitterati,glitter,literati,,,
breathalyser,breath,analyser,,,
smexy,smell,sexy,,,
glitz,glamour,ritz,,,
intexticated,intoxicated,text,,,
prosumer,professional,consumer,,,
neverendum,neverending,referendum,,,
fasian,fake,asian,,,
geoenable,geospatial,enablement,,,
argmin,argument,minimum,,,
debian,debra,ian,,,
animatrix,anime,matrix,
momager,mother,manager,,,
lidar,light,radar,,,
motorcade,motor,cavalcade,,,
chesticle,chest,testicle,,,
phonesia,phone,amnesia,,,
pretext,pretend,text,,,
nerdgy,nerd,orgy,,,
ambisextrous,ambidextrous,sex,,,
pinterest,pin,interest,,,
automobilia,automobile,memorabilia,,,
ipeeper,ipod,peeper,,,
chiptease,chip,striptease,,,
drunchies,drunk,munchies,,,
autotrocity,automotive,atrocity,,,
backne,back,acne,,,
thotcrates,thot,socrates,,,
prezactly,precise,exactly,,,
lebronnabe,lebron,wannabe,,,
godsome,godly,awesome,,,
aqualibrium,aquatic,equilibrium,,,
naco,nacho,taco,,,
arpanet,arpa,network,,,
misogynoir,misogyny,noir,,,
triticale,triticum,secale,,,
pornocchio,porn,pinocchio,,,
mozilla,mosaic,godzilla,,,
bassackwards,backwards,ass,,,
russlish,russian,english,,,
nerdjacking,nerd,hijacking,,,
balloonatics,balloon,fanatics,,,
bacne,back,acne,,,
favicon,favourite,icon,,,
shart,shit,fart,,,
aerobatics,aerial,acrobatics,,,
shareware,share,software,,,
creople,creepy,people,,,
floordrobe,floor,wardrobe,,,
wintel,windows,intel,,,
passhole,pass,asshole,,,
fauxpology,faux,apology,,,
beerios,beer,cheerios,,,
saintsgiving,saints,thanksgiving,,,
hitlery,hitler,hillary,,,
bioterrorism,biological,terrorism,,,
mathlete,math,athlete,,,
swapportunity,swap,opportunity,,,
britcom,british,comedy,,,
ebonics,ebony,phonics,,,
amazome,amazing,awesome,,,
palimony,partner,alimony,,,
edgehog,edge,hedgehog,,,
ecoteur,ecological,saboteur,,,
pastability,pasta,possibility,,,
fantasmic,fantastic,orgasmic,,,
automagical,automatic,magical,,,
friendcest,friend,incest,,,
smog,smoke,fog,,,
liary,liar,diary,,,
absoludicrous,absolutely,ridiculous,,,
limon,lime,lemon,,,
camcorder,camera,recorder,,,
dildacity,dildo,audacity,,,
dancelexia,dance,dyslexia,,,
masturdating,masturbate,dating,,,
kripkenstein,kripke,wittgenstein,,,
glymphatic,glial,lymphatic,,,
debian,debra,ian,,,
womance,woman,romance,,,
presenteeism,present,absenteeism,,,
lebum,lebron,bum,,,
utilidor,utilities,cooridor,,,
brogrammer,brother,programmer,,,
cosmolission,cosmetic,collision,,,
shankopotomas,shank,hippopotomas,,,
blutter,blabber,stutter,,,
bleen,blue,green,,,
tigon,tiger,lion,,,
bordinary,bored,ordinary,,,
aerosoul,aerosol,soul,,,
caraoke,car,karaoke,,,
celescalating,celestial,escalating,,,
avalaunch,avalanche,launch,,,
napalm,naphthene,palmitate,,,
charry,cho,harry,,,
botox,botulism,toxin,,,
fridget,fridge,widget,,,
capcom,capsule,communicator,,,
barbossa,elizabeth,barbossabeth,,,
accuntable,accountable,cunt,,,
jesucentric,jesus,centric,,,
blipster,black,hipster,,,
cablecast,cable,broadcast,,,
insinnuendo,insinuate,innuendo,,,
laborhood,labor,neighborhood,,,
textrovert,text,extrovert,,,
frecency,frequency,recency,,,
opprescedent,oppressive,precedent,,,
serdes,serialize,deserialize,,,
snice,snow,ice,,,
peasantvision,peasant,television,,,
newscast,news,broadcast,,,
glenbard,glen,lombard,,
bluetool,bluetooth,tool,,,
cassingle,cassette,single,,,
singlish,singaporean,english,,,
meanderthal,meander,neanderthal,,,
popcrack,popcorn,crack,,,
veepstakes,veep,sweepstakes,,,
gearotica,gear,erotica,,,
miscreantics,miscreant,antics,,,
permanipple,permanent,nipple,,,
whino,whine,rhino,,,
advict,advil,addict,,,
phonundrum,phone,conundrum,,,
torrible,terrible,horrible,,,
enginerd,engineer,nerd,,,
kapoop,kaput,poop,,,
funcated,fun,truncated,,,
mechatronics,mechanics,electronics,,,
playware,play,software,,,
sitcom,situational,comedy,,,
mancation,man,vacation,,,
slanguage,slang,language,,,
rawoman,ramen,woman,,,
boxercise,boxing,exercise,,,
orgasmatron,orgasm,tron,,,
backronym,back,acronym,,,
slantendicular,slant,perpendicular,,,
fairborn,fairfield,osborn,,,
awesmazing,awesome,amazing,,,
voxel,volumetric,pixel,,,
joggling,jogging,juggling,,,
ninjun,ninja,injun,,,
pregnesia,pregnancy,amnesia,,,
affluenza,affluence,influenza,,,
drarry,draco,harry,,,
hackintosh,hack,macintosh,,,
butterflump,butterfly,flump,,,
cyborg,cybernetic,organism,,,
internet,international,network,,,
comcastic,comcast,fantastic,,,
banjitar,banjo,guitar,,,
malvertising,malicious,advertising,,,
nanotech,nano,technology,,,
religulous,religion,ridiculous,,,
endorphin,endogenous,morphine,,,
carboloy,carbon,alloy,,,
instaglam,instagram,glam,,,
mutex,mutual,exclusion,,,
cacaophony,cacaphony,cocoa,,,
franglish,french,english,,,
valleyspeak,valley,speaker,,,
acatramp,academic,trampoline,,,
hypathenuse,hypotenuse,path,,,
congressing,congress,digressing,,,
flavorgasm,flavor,orgasm,,,
negatude,negative,attitude,,,
floorcest,floor,incest,,,
asciibetical,ascii,alphabetical,,,
ineptitude,inept,aptitude,,,
animatronics,animation,electronics,,,
sexploitation,sex,exploitation,,,
maltipoo,maltese,poodle,,,
transceiver,transmitter,receiver,,,
amerind,american,indian,,,
starchitect,star,architect,,,
himbo,him,bimbo,,,
hormotion,hormone,emotion,,,
zony,zebra,pony,,,
kidult,kid,adult,,,
indialantic,indian,atlantic,,,
bashtag,bash,hashtag,,,
beardruff,beard,dandruff,,,
menopaws,menopause,paws,,,
spillion,spill,million,,,
pirattitude,pirate,attitude,,,
smilence,smile,silence,,,
buffeteria,buffet,cafeteria,,,
bodacious,bold,audacious,,,
ambitchous,ambitious,bitch,,,
frappuccino,frapp,cappuccino,,,
cheeseburger,cheese,hamburger,,,
froogle,frugal,google,,,
intellivision,intelligent,television,,,
telemarketing,telephone,marketing,,,
nucleonic,nuclear,electronic,,,
treap,tree,heap,,,
spectralert,spectral,alert,,,
homance,hoe,romance,,,
rockumentary,rock,documentary,,,
midnitini,midnight,martini,,,
snackrifice,snack,sacrifice,,,
cotai,coloane,taipa,,,
cashtration,cash,castration,,,
raggazine,rag,magazine,,,
neverendum,never,referendum,,,
advertorial,advertising,editorial,,,
cocacolonization,cocacola,colonization,,,
protohype,prototype,hype,,,
toonami,cartoon,tsunami,,,
sarchasm,sarcasm,chasm,,,
jython,java,python,,,
celebutant,celebrity,debutant,,,
emola,emotion,ebola,,,
explornography,explore,pornography,,,
kpop,korean,pop,,,
facronym,fact,acronym,,,
beardo,beard,weirdo,,,
viewmongous,view,humongous,,,
hiccurp,hiccup,burp,,,
lolarious,lol,hilarious,,,
malware,malicious,software,,,
crisitunity,crisis,opportunity,,,
wikiality,wiki,reality,,,
odditorium,odd,auditorium,,,
mocker,mod,rocker,,,
snozzle,snuggle,nuzzle,,,
natitude,nationals,attitude,,,
stagflation,stagnation,inflation,,,
citibank,city,bank,,,
shwasted,shit,wasted,,,
obamanomics,obama,economics,,,
mexicali,mexico,california,,,
ringxiety,ring,anxiety,,,
provacawhoritive,provocative,whore,,,
monterey,monte,rey,,,
canwood,canadian,woodlands,,,
introdouche,introduction,douchebag,,,
sexationship,sex,relationship,,,
passfusion,password,confusion,,,
socialtainer,social,entertainer,,,
affemorrow,after,tomorrow,,,
wiktionary,wiki,dictionary,,,
murse,man,purse,,,
execubabble,executive,babble,,,
bedgasm,bed,orgasm,,,
linsanity,lin,insanity,,,
absatively,absolutely,positively,,,
pornograffitti,pornography,graffiti,,,
moonscape,moon,landscape,,,
jitterati,jitter,literati,,,
nylon,ny,london,,
gaydar,gay,radar,,,
graphilator,graph,calculator,,,
disposophobia,disposal,phobia,,,
digicam,digital,camera,,,
phoneme,phonetics,scheme,,,
queerdo,queer,weirdo,,,
frenemy,friend,enemy,,,
jangle,jingle,dangle,,,
eurasia,europe,asia,,,
elevision,elevator,vision,,,
blackanese,black,japanese,,,
docudrama,documentary,drama,,,
vinsanity,vince,insanity,,,
phubbing,phone,snubbing,,,
videocracy,video,democracy,,,
sharktopus,shark,octopus,,,
abandonware,abandoned,software,,,
chrismukkah,christmas,hanukkah,,,
prevacid,prevent,acid,,,
frusion,fruit,fusion,,,
weejun,norwegian,injun,,,
advertecture,advertising,architecture,,,
docusoap,documentary,soap,,,
molestache,mole,moustache,,,
famicom,family,computer,,,
linux,linus,unix,,,
wakeeney,warren,keeney,,,
conglomocoffee,conglomerate,coffee,,,
compfusion,computer,confusion,,,
netmeet,internet,meeting,,,
planimal,plant,animal,,,
seatac,seattle,tacoma,,,
debargue,debate,argument,,,
fruitopia,fruit,utopia,,,
shlam,slam,ham,,,
snowpocalypse,snow,apocalypse,,,
meowse,cat,mouse,,,
cabarenaissance,cabaret,renaissance,,,
intercom,internal,communication,,,
neighbornet,neighbor,internet,,,
heteroflexible,heterosexual,flexible,,,
bromance,brother,romance,,,
declamatory,declarative,exclamatory,,,
frolf,frisbee,golf,,,
hubot,human,robot,,,
beatles,beat,beetles,,,
simulcast,simultaneous,broadcast,,,
recrap,recap,crap,,,
computato,computer,potato,,,
congraduations,congratulations,graduation,,,
squiggle,squirm,wiggle,,,
alltheist,all,theist,,,
factitious,fact,ficticious,,,
brandwagon,brand,wagon,,,
jeggings,jeans,leggings,,,
radiopaque,radiation,opaque,,,
tween,teen,between,,,
wholphin,whale,dolphin,,,
toonie,two,loonie,,,
adjectard,adjective,retard,,,
afrocracy,african,democracy,,,
tridge,tri,bridge,,
condragulations,congratulations,drag,,,
metrosexual,metropolitan,heterosexual,,,
citigroup,city,group,,,
calistoga,california,saratoga,,,
workaholic,work,alcoholic,,,
dejabrew,dejavu,brew,,,
mobcest,mob,incest,,,
prosumer,producer,consumer,,,
stragedy,strategy,tragedy,,,
loopular,loop,circular,,,
kidcessory,kid,accessory,,,
backronym,backwards,acronym,,,
prancercise,prance,exercise,,,
decaflon,decaf,decathlon,,,
finacle,financial,pinnacle,,,
wikiquette,wikipedia,etiquette,,,
slutsident,slut,president,,,
telematics,telecommunications,informatics,,,
soundscape,sound,landscape,,,
vidiot,video,idiot,,,
niftabulous,nifty,fabulous,,,
intellicentre,intelligent,centre,,,
rurban,rural,urban,,,
ecomagination,ecology,imagination,,,
mansplaining,man,explaining,,,
cameleopard,camel,leopard,,,
tindisaster,tinder,disaster,,,
spokesblogger,spokesperson,blogger,,,
trampede,trample,stampede,,,
giraffiti,giraffe,grafitti,,,
vombomb,vomit,bomb,,,
cyberpsychology,cybernetic,psychology,,,
franglais,french,english,,,
datacasting,data,broadcasting,,,
pomosexual,postmodern,sexual,,,
gamestorming,games,brainstorming,,,
geep,goat,sheep,,,
handcestors,hand,ancestors,,,
muttation,mutt,mutation,,,
chocotaco,chocolate,taco,,,
pharming,pharmaceutical,farming,,,
kinect,kinetic,connection,,,
brofessional,brother,professional,,,
coopetition,cooperation,competition,,,
charticle,chart,article,,,
pensieve,pensive,sieve,,,
obamania,obama,mania,,,
spirmitment,spirit,commitment,,,
brouter,bridge,router,,,
webtrovert,web,extrovert,,,
econocrat,economist,bureaucrat,,,
machinima,machine,cinema,,,
webcast,web,broadcast,
skintimidate,skin,intimidate,,,
ironeous,irony,erroneous,,,
sexercise,sex,exercise,,,
glamping,glamorous,camping,,,
buddhaverse,buddha,universe,,,
blotch,blot,botch,,,
cryptex,cryptology,codex,,,
bicurious,bisexual,curious,,,
procastivity,procastination,productivity,,,
fushi,fake,sushi,,,
yankshake,yank,handshake,,,
nexis,ned,alexis,,,
apatheist,apathy,theist,,,
panormous,pan,enormous,,,
desilu,desi,lucille,,,
slanguistics,slang,linguistics,,,
pastafarian,pasta,rastafarian,,,
ballico,ballintine,company,,,
exercycle,exercise,cycle,,,
fanzine,fan,magazine,,,
ginormous,giant,enormous,,,
metrosexual,metro,homosexual,,,
fashism,fashion,fascism,,,
mangina,man,vagina,,,
admirampathy,admiration,empathy,,,
lacrosstitute,lacrosse,prostitute,,,
ethanol,ethyl,alcohol,,,
slore,slut,whore,,,
dumbfound,dumb,confound,,,
wapanese,warp,japanese,,,
fedex,federal,express,,,
laundromat,laundry,mat,,,
glamazon,glamour,amazon,,,
manicorn,man,unicorn,,,
cunterrupted,cunt,interrupted,,,
tangelo,tangerine,pomelo,,,
cybrarian,cyber,librarian,,,
belieber,bieber,believer,,,
manstration,man,menstruation,,,
multicart,multiple,cartridge,,,
nintenditis,nintendo,tendonitis,,,
pellistor,pellet,resistor,,,
disgustipated,disgust,constipated,,,
macintrash,macintosh,trash,,,
inscape,interior,landscape,,,
chairobics,chair,aerobics,,,
narutard,naruto,retard,,,
vegicide,vegetable,homicide,,,
lavacid,lava,acid,,,
lapcorn,lap,popcorn,,,
telex,teleprinter,exchange,,,
anticipointment,anticipation,disappointment,,,
alphabet,alpha,beta,,,
geekelated,geek,elated,,,
jizzney,jizz,disney,,,
smaze,smoke,maze,,,
bactually,but,actually,,,
twitler,twitter,hitler,,,
weasleycest,weasley,incest,,,
cama,camel,llama,,,
memex,memory,index,,,
plytanium,titanium,plywood,,,
moobs,man,boobs,,,
manssiere,man,brassier,,,
confuzzled,confused,puzzled,,,
medifraud,medical,fraud,,,
reaganomics,reagan,economics,,
altright,alternative,right,,,
googleheimer,google,alzheimer,,,
rolodex,rolling,index,,,
birthmas,birthday,christmas,,,
nounjective,noun,adjective,,,
kanwaka,kanwaka,wakarusa,,,
maddenating,maddening,infuriating,,,
fearection,fear,erection,,,
jerksome,jerk,irksome,,,
mocktail,mock,cocktail,,,
mehthematician,meh,mathematician,,,
lullabuoy,lullaby,buoy,,,
fauxllet,faux,mullet,,,
sparklepire,sparkle,vampire,,,
hotlanta,hot,atlanta,,,
quasar,quasistellar,star,,,
fagnitude,fag,magnitude,,,
yogalates,yoga,pilates,,,
clopen,closed,open,,,
sharted,shit,farted,,,
boycon,boy,conversation,,,
imagineering,imagine,engineering,,,
greedonomics,greed,economics,,,
vagitarian,vagina,vegetarian,,,
carborundum,carbon,corundum,,,
bellice,bella,alice,,,
frogurt,frozen,yogurt,,,
sexcident,sex,accident,,,
bioneer,biological,pioneer,,,
medicare,medical,healthcare,,,
zonkey,zebra,donkey,,,
alcoholiday,alcohol,holiday,,,
snark,snide,remark,,,
biopic,biography,picture,,,
outpatient,outside,patient,,,
glocal,global,local,,,
goofle,goof,google,,,
electrocution,electronic,execution,,,
agnoptimist,agnostic,optimist,,,
manhattanhenge,manhattan,stonehenge,,,
corplaining,corporation,complaining,,,
triscuit,triple,biscuit,,,
airpain,airplane,pain,,,
grantartica,grant,antartica,,,
tardass,retard,dumbass,,,
winco,winning,company,,,
wikizen,wiki,citizen,,,
jewfro,jew,afro,,,
boxster,boxer,roadster,,
wuss,wimp,pussy,,,
brunch,breakfast,lunch,,,
hetlagged,hetero,jetlagged,,,
vog,volcano,smog,,,
fibliography,fiction,bibliography,,,
cellophane,cellulose,diaphane,,,
frankenfish,frankenstein,fish,,,
lolocaust,lol,holocaust,,,
sleepathon,sleep,marathon,,,
screwvenir,screw,souvenir,,,
eargasm,ear,orgasm,,,
tomacco,tomato,tobacco,,,
splogger,spam,blogger,,,
pluot,plum,apricot,,,
himsomnia,him,insomnia,,,
relationshit,relationship,shit,,,
groupon,group,coupon,,,
cosmeceutical,cosmetic,pharmaceutical,,,
shemale,she,male,,,
westarctica,west,antarctica,,,
rogernomics,roger,economics,,,
cheappuccino,cheap,cappucciono,,,
ultrabook,ultraportable,notebook,,,
carefronting,care,confronting,,,
minimoon,mini,honeymoon,,,
flashpacking,flash,backpacking,,,
divatude,diva,attitude,,,
transfarency,transparency,fare,,,
boytastrophe,boy,catastrophe,,,
jazzercise,jazz,exercise,,,
plastiglomerate,plastic,agglomerate,,,
emoticon,emotion,icon,,,
bionic,biology,electronic,,,
policenauts,police,astronaut,,,
meninist,men,feminist,,,
infotainment,information,entertainment,,,
portmanteau,porter,manteau,,,
thanksgivukkah,thanksgiving,hanukkah,,,
satisficing,satisfy,suffice,,,
tamiami,tampa,miami,,,
email,electronic,mail,,,
pegacorn,pegasus,unicorn,,,
thinspiration,thin,inspiration,,,
wigger,white,nigger,,,
republicrat,republican,democrat,,,
napalm,napthene,palmitate,,,
skyaking,sky,kayaking,,,
smudgemate,smudge,estimate,,,
terrist,terra,terrorist,,,
skype,sky,peer,,,
hasbian,hasbeen,lesbian,,,
wordsessive,word,obsessive,,,
advertorial,advertisement,editorial,,,
radome,radar,dome,,,
manbag,man,handbag,,,
autotune,automatic,tune,,,
mobisode,mobile,episode,,
intel,integrated,electronics,,,
chinderwear,chin,underwear,,,
kleptoking,kleptocrat,king,,,
jagerbomb,jagermeister,bomb,,,
instrumedley,instrumental,medley,,,
advertainment,advertisement,entertainment,,,
bozone,bozo,ozone,,,
blaxploitation,blacks,exploitation,,,
foreploy,foreplay,ploy,,,
fangore,fang,gore,,,
tofurkey,tofu,turkey,,,
dataveillance,data,surveillance,,,
famiclone,family,clone,,,
balloonicle,balloon,vehicle,,,
seussical,seuss,musical,,,
blogilates,blog,pilates,,,
mobisode,mobile,episode,,,
krogert,kroger,yogurt,,,
grasscycle,grass,recycle,,,
animutation,animation,mutation,,,
brynette,bree,lynette,,,
fratire,fraternity,satire,,,
wordcore,word,hardcore,,,
laggot,lag,faggot,,,
ecotage,ecology,sabotage,,,
texodus,texas,exodus,,,
fungasm,fun,orgasm,,,
mexinigger,mexican,nigger,,,
snowmageddon,snow,armageddon,,,
decorcize,decor,exorcize,,,
mailstrom,mail,maelstrom,,,
chunnel,channel,tunnel,,,
cyclohexellent,cyclohexane,excellent,,,
enculturement,enlightenment,culture,,,
seascape,sea,landscape,,,
urinalysis,urine,analysis,,,
stoup,stew,soup,,,
horrocious,horrendous,atrocious,,,
winsted,winchester,barkhamsted,,,
fandom,fan,kingdom,,,
millux,miller,lux,,,
awksauce,awkward,sauce,,,
kissess,kiss,caress,,,
mascary,mascara,scary,,,
anecdata,anecdote,data,,,
boregasm,boredom,orgasm,,,
prissy,prim,sissy,,,
intexticate,intoxicate,text,,,
doppelbangers,doppelgangers,bang,,,
methanol,methyl,alcohol,,,
carmageddon,car,armageddon,,,
folksonomy,folk,taxonomy,,,
holidaze,holiday,daze,,,
frowculation,frown,calculation,,,
slackademic,slack,academic,,,
frape,facebook,rape,,,
eyeolating,eye,violating,,,
sexcapade,sex,escapade,,,
lacostitute,lacoste,prostitute,,,
zorse,zebra,horse,,,
administrivia,administration,trivia,,,
electrocutioner,electrocution,executioner,,,
bardolatry,bard,idolatry,,,
bakerloo,bakerstreet,waterloo,,,
blasian,black,asian,,,
suspowledge,suspicion,knowledge,,,
wavicle,wave,particle,,,
spange,spare,change,,,
epeen,electronic,penis,,,
threepeat,three,repeat,,,
damntastic,damn,fantastic,,,
pornfolio,porn,portfolio,,,
labradoodle,labrador,poodle,,,
caltrain,california,train,,,
avionics,aviation,electronics,,,
voluntold,volunteer,told,,,
vlog,video,blog,,,
cineplex,cinema,complex,,,
calexico,california,mexico,,,
niubility,niubi,ability,,,
cuckservative,cuckold,conservative,,,
fraubtier,frau,raubtier,,,
commuticate,commute,comminicate,,,
sharknado,shark,tornado,,,
shweater,shirt,sweater,,,
cosmonism,cosmos,organism,,,
screenshot,screen,snapshot,,,
elefucker,elevator,fucker,,,
accenture,accent,future,,,
mexifornia,mexico,california,,,
mactionary,mac,dictionary,,,
victorinox,victoria,inox,,,
docufiction,documentary,fiction,,,
fagag,fag,gag,,,
fantabulous,fantastic,fabulous,,,
manther,man,panther,,,
mechatronics,mechanical,electronics,,,
globish,global,english,,,
infographic,information,graphic,,,
chinglish,chinese,english,,,
infomercial,information,commercial,,,
obliviot,oblivious,idiot,,,
bregret,britain,regret,,,
pornograffiti,pornography,graffiti,,,
kidvid,kid,video,,,
spamalot,camelot,spam,,,
lox,liquid,oxygen,,,
sargasm,sarcasm,orgasm,,,
literotica,literature,erotica,,,
hasbian,hasbeen,lesbian,,
freecycling,free,recycling,,,
sexcretary,sex,secretary,,,
guitalele,guitar,ukulele,,,
brexit,britain,exit,,,
disturbia,disturb,suburbia,,,
irrightional,irrational,right,,,
liger,lion,tiger,,,
croissandwich,croissant,sandwich,,,
squand,sand,aqua,,,
acabowl,academic,bowl,,,
incredibad,incredible,bad,,,
sleppy,sleepy,slaphappy,,,
flabdomen,flab,abdomen,,,
yellular,yell,cellular,,,
grue,green,blue,,,
greenwash,green,whitewash,,,
vaguebooking,vague,facebooking,,,
sexpert,sex,expert,,,
hispander,hispanic,pander,,,
dormobile,dormitory,automobile,,,
adfested,ad,infested,,,
stupendulous,stupendous,fabulous,,,
spinderella,spin,cinderella,,,
smellephant,smell,elephant,,,
offensieve,offensive,sieve,,,
desknote,desktop,notebook,,,
brangelina,brad,angelina,,,
freemium,free,premium,,,
clamato,clam,tomato,,,
chork,chopstick,fork,,,
dankrupt,dank,bankrupt,,,
banoffee,banana,toffee,,,
amtrak,america,track,,,
pixel,picture,element,,,
broccoflower,broccoli,cauliflower,,,
ineption,inept,inception,,,
paddict,pad,addict,,,
aforetexted,aforementioned,texted,,,
stiction,static,friction,,,
bachmeyes,bachman,eyes,,,
ruthanasia,ruth,euthanasia,,
dallitude,dallas,attitude,,,
gaysian,gay,asian,,,
britpick,british,nitpick,,,
ezine,electronic,magazine,,,
kormak,korpela,maki,
nintendogs,nintendo,dogs,,,
spamtard,spam,retard,,,
caplet,capsule,tablet,,,
novembeard,november,beard,,,
pomato,potato,tomato,,,
flounder,flounce,blunder,,,
medicaid,medical,aid,,,
afpak,afghanistan,pakistan,,,
jazzerina,jazz,ballerina,,,
beepilepsy,beep,epilepsy,,,
codec,coder,decoder,,,
exaggeraddict,exaggeration,addict,,,
satisficing,satisfactory,sufficing,,,
punny,pun,funny,,,
precrestination,procrastination,crest,,,
biopic,biographical,picture,,
flirtationship,flirtation,relationship,,,
snart,sneeze,fart,,,
frankenword,frankenstein,word,,,
pornament,porn,ornament,,,
trifficult,try,difficult,,,
negrotiation,negro,negotiation,,,
deflicted,deformed,afflicted,,,
boxster,boxer,roadster,,,
netvertible,net,convertible,,,
screenager,screen,teenager,,,
fungineering,fun,engineering,,,
positron,positive,electron,,,
asstag,ass,hashtag,,,
medicare,medical,care,,,
bridorexia,anorexia,,,,
aberzombie,abercrombie,zombie,,,
romcom,romantic,comedy,,
streetball,street,basketball,,,
moblog,mobile,weblog,,,
tomkat,tom,katie
mockumentary,mock,documentary,,,
sofass,sofa,ass,,,
tanorexia,tan,anorexia,,,
corpsicle,corpse,popsicle,,,
webisode,web,episode,,,
cliterati,clitoris,literati,,,
nexterday,next,yesterday,,,
travelogue,travel,monologue,,,
aricent,arise,ascent,,,
neither,not,either,,,
spime,space,time,,,
contrail,condensation,trail,,,
spectacooler,spectacular,cooler,,,
oxbridge,oxford,cambridge,,,
hazmat,hazardous,material,,,
falloween,fall,halloween,,,
masturwait,masturbate,wait,,,
spangel,spike,angel,,,
futatonic,futon,catatonic,,,
wonkavator,wonka,elevator,,,
addxiety,add,anxiety,,,
pronasty,professional,nasty,,,
simulcasting,simultaneous,broadcasting,,,
condem,conservative,democrats,,,
worderful,word,wonderful,,,
arberati,arbor,literati,,,
nicorette,nicotine,cigarette,,,
bragplaining,brag,explaining,,,
dancersize,dance,circumsize,,,
masstige,mass,prestige,,,
vitamin,vital,amine,,,
badical,bad,radical,,,
wheymen,whey,amen,,,
owlmaha,owl,omaha,,,
pandrogynous,pander,androgynous,,,
adorapresh,adorable,precious,,,
telethon,telephone,marathon,,,
mobitone,mobile,tone,
backstitution,back,substitution,,,
revengicide,revenge,suicide,,,
fpoon,frosty,spoon,,,
garriage,gay,marriage,,,
scriptment,script,document,,,
advertblasting,advertisement,blasting,,,
thangry,thirsty,hungry,,,
lawlrus,lawl,walrus,,,
telegenic,television,photogenic,,,
bookstagram,book,instagram,,,
alstom,alsace,thompson,,
kabloom,kaboom,bloom,,,
cellfish,cellphone,selfish,,,
onlineness,online,loneliness,,,
murketing,murky,marketing,,,
multiverse,multiple,universe,,,
awkword,awkward,word,,,
vitamer,vitamin,isomer,,,
ridonkulous,ridiculous,donkey,,,
parentnoia,parent,paranoia,,,
destinesia,destiny,amnesia,,,
doucheblog,douchebag,blog,,,
dudevorce,dude,divorce,,,
londonistan,london,pakistan,,,
cryptanalysis,cryptogram,analysis,,,
mattergy,matter,energy,,,
photobiography,photograph,biography,,,
voxel,volume,pixel,,,
lactivism,lactation,activism,,,
freepon,free,coupon,,,
talkartoon,talk,cartoon,,,
californication,california,fornication,,,
fluidram,fluid,dram,,,
smang,smash,bang,,,
tangry,tired,angry,,,
classhole,class,asshole,,,
internest,internet,nest,,,
cumberbitch,cumberbatch,bitch,,,
interpol,international,police,,,
slurority,slut,sorority,,,
clintwood,clinton,eastwood,,,
patternicity,pattern,capacity,,,
caninja,canine,ninja,,,
evacucation,evacuation,vacation,,,
tenderpreneur,tendering,enterpreneur,,,
because,by,cause,,,
gaddiction,gay,addiction,,,
blogjam,blog,logjam,,,
vermonster,vermont,monster,,,
sarcastrophe,sarcasm,catastrophe,,,
anecdoubt,anecdote,doubt,,,
melancholic,melancholy,alcoholic,,,
goaltimate,goal,ultimate,,,
affectitties,affect,titties,,,
biopic,biographical,picture,,,
bareoke,bare,kareoke,,,
feminoid,female,android,,,
hipstocratical,hipster,hypocritical,,,
fratmosphere,frat,atmosphere,,,
podestrian,pod,pedestrian,,,
autopia,automobile,utopia,,,
phonestrated,phone,frustrated,,,
platisher,platform,publisher,,,
beatnik,beat,sputnik,,,
monsteroid,monster,asteroid,,,
viewser,view,browser,,,
sexercism,sex,exorcism,,,
zedonk,zebra,donkey,,,
amazonukkah,amazon,hanukkah,,,
excitipated,excited,constipated,,,
permafrost,permanent,frost,,,
microsoft,microcomputer,software,,,
alphanumeric,alphabetic,numeric,,,
dissfensive,defensive,diss,,,
crooklyn,crook,brooklyn,,,
hillbot,hillary,bot,,,
chinglish,english,chinese,,,
magnadoodle,magnetic,doodle,,,
horngry,horny,hungry,,,
textpectation,text,expectation,,,
televangelist,television,evangelist,,,
wactress,waitress,actress,,,
pekeapoo,pekingese,poodle,,,
assmosis,ass,osmosis,,,
bremain,britain,remain,,,
pukestravaganza,puke,extravaganza,,,
automagically,automatic,magically,,,
gleek,glee,geek,,,
flirtini,flirt,martini,,,
webinar,web,seminar,,,
spork,spoon,fork,,,
guitarthritis,guitar,arthritis,,,
cronut,croissant,doughnut,,,
parasailing,parachute,sailing,,,
posistor,positive,thermistor,,,
swaption,swap,option,,,
shockumentary,documentary,shock,,,
mobocracy,mob,democracy,,,
chairdrobe,chair,wardrobe,,,
trongs,tri,tongs,,,
mexicunt,mexican,cunt,,,
knowledgebase,knowledge,database,,,
niggerabilia,nigger,memorabilia,,,
familiated,family,humiliated,,,
falk,facebook,stalk,,,
sanskritism,sanskrit,neologism,,,
pokemon,pocket,monster,,,
oreolization,oreo,realization,,,
imagineering,imagination,engineering,,,
jackalope,jackrabbit,antelope,,,
motorcycle,motorized,bicycle,,,
yesterdecade,yesterday,decade,,,
waitrose,waite,rose,,,
tweetheart,tweet,sweetheart,,,
nerdvana,nerd,nirvana,,,
creamsicle,cream,popsicle,,,
aurictate,aurium,lactate,,,
jorts,jeans,shorts,,,
creeperazzi,creepy,paparazzi,,,
assne,ass,acne,,,
narcissistick,narcissist,stick,,,
intaxication,intoxication,tax,,,
protoduct,prototype,product,,,
factivist,fact,activist,,,
clink,click,link,,,
bash,bang,smash,,,
moped,motor,pedal,,,
japlish,japanese,english,,,
jihobbyist,jihad,hobbyist,,,
teaffee,tea,coffee,,,
squircle,square,circle,,,
crapella,crap,capella,,,
telecast,television,broadcast,,,
refudiate,refute,repudiate,,,
prostitot,prostitute,tot,,,
chuggers,charity,muggers,,,
blog,web,log,,,
malamanteau,malapropism,portmanteau,,,
awkfeat,awkward,fest,,,
deliquid,delicious,liquid,,,
viewtiful,view,beautiful,,,
carbonics,car,ebonics,,,
podcasting,ipod,broadcasting,,,
nit,napierian,digit,,,
qubit,quantum,bit,,,
smash,smack,mash,,,
transponder,transmitter,responder,,,
chump,chunk,lump,,,
gerrymander,gerry,salamander,,,
smark,smart,mark,,,
multimodal,multiple,modal,,,
hinglish,hindi,english,,,
thesbian,thespian,lesbian,,,
opinuendo,opinion,innuendo,,,
accountabilibuddy,accountability,buddy,,,
olionaire,oil,millionaire,,,
chanerism,chan,mannerism,,,
cyberchondriac,cyber,hypochondriac,,,
latergram,later,instagram,,,
fruitomic,fruit,atomic,,,
skort,skirt,short,,,
motorcare,motor,cavalcade,,,
sysop,system,operator,,,
roverload,rove,overload,,,
blogebitry,blog,celebrity,,,
nutraceutical,nutra,pharmaceutical,,,
fugly,fucking,ugly,,,
dramedy,drama,comedy,,,
jewsome,jew,threesome,,,
motel,motor,hotel,,,
paratroop,parachute,troop,,,
formasual,formal,casual,,,
redditor,reddit,editor,,,
privoxy,private,proxy,,,
lesbro,lesbian,bro,,,
cremains,cremated,remains,,,
kinect,kinetic,connect,,,
newrun,new,rerun,,,
mizzle,mist,drizzle,,,
squitten,squirrel,kitten,,,
hairagami,hair,origami,,,
ignoranus,ignoramus,anus,,,
scrumlicious,scrumptious,delicious,,,
errtime,every,time,,,
masosadist,masochistic,sadist,,,
broscience,brother,science,,,
romomentum,romo,momentum,,,
animatronic,animate,electronic,,,
fasturbate,fast,masturbate,,,
czechoslovakia,czech,slovakia,,,
scotchka,scotch,vodka,,,
dadventure,dad,adventure,,,
breturn,britain,return,,,
hangry,hunger,angry,,,
spambot,spam,robot,,,
neurotypical,neurologically,typical,,,
pedobear,pedophile,bear,,,
emergenturd,emergent,turd,,,
chemokine,chemotactic,cytokine,,,
yugopotamia,yugoslavia,mesopotamia,,,
chugger,charity,mugger,,,
galumph,gallop,triumph,,,
penngineer,penn,engineer,,,
forgirl,former,girlfriend,,,
racne,rack,acne,,,
pallywood,palestinian,hollywood,,,
burninate,burn,terminate,,,
nostracize,nose,ostracize,,,
agreesome,agreement,threesome,,,
engayed,engaged,gay,,,
epigenetics,epigenesis,genetics,,,
sexting,sex,texting,,,
carjack,car,hijack,,,
anarchitecture,anarchy,architecture,,,
oblividroid,oblivious,android,,,
analrapist,analyst,therapist,,,
vermontster,vermont,monster,,,
texel,texture,element,,,
groutfit,group,outfit,,,
blaxican,black,mexican,,,
irregardless,irrespective,regardless,,,
coxbox,coxswain,box,,,
chumpionship,chump,championship,,,
zeedonk,zebra,donkey,,,
brony,bro,pony,,,
swisslish,swiss,english,,,
boughetto,bourgeois,ghetto,,,
frankenfood,frankenstein,food,,,
cremains,cremate,remains,,,
brunner,breakfast,dinner,,,
cinemax,cinema,maximum,,,
praystation,pray,playstation,,,
fleshlight,flashlight,flesh,,,
trumponomics,trump,economics,,,
godcast,god,podcast,,,
sportscast,sports,broadcast,,,
laughgasm,laughter,orgasm,,,
castleroid,castle,asteroid,,,
robsten,robert,kristen,,,
obamacare,obama,healthcare,,,
ridiculosity,ridiculous,monstrosity,,,
hurricanceled,hurricane,canceled,,,
fluidrive,fluid,drive,,,
argmax,argument,maximum,,,
drice,dry,ice,,,
slurve,slider,curve,,,
appsessed,app,obsessed,,,
phoneck,phone,neck,,,
classitorium,class,auditorium,,,
sophistiratchet,sophisticated,ratchet,,,
frappucino,frappe,cappucino,,,
cupidity,cupid,stupidity,,,
amerithrax,american,anthrax,,,
dohment,dawn,moment,,,
blook,blog,book,,,
anecdotage,anecdote,dotage,,,
aftorning,after,morning,,,
popaganda,pop,propaganda,,,
hassle,haggle,tussle,,,
ametrine,amethyst,citrine,,,
finsta,fake,insta,,,
spatique,spa,boutique,,,
rendezbooze,rendezvous,booze,,,
incognegro,incognito,negro,,,
sysadmin,system,administrator,,,
stan,stalker,fan,,,
faby,food,baby,,,
herstory,her,history,,,
promposal,prom,proposal,,,
pleather,plastic,leather,,,
digipeater,digital,repeater,,,
orgasmatron,orgasm,cyclotron,,,
canckle,calf,ankle,,,
waluigi,warui,luigi,,,
screamapillar,scream,caterpillar,,,
ethubious,ethical,dubious,,,
conrail,consolidated,rail,,,
brocelet,brother,bracelet,,,
sacredfice,sacred,edifice,,,
diamat,dialectical,materialism,,,
halfalogue,half,dialogue,,,
nillionaire,nil,millionaire,,,
nerdstalgia,nerd,nostaglia,,,
alcoholimia,alcohol,bulimia,,,
joyage,joy,voyage,,,
proteome,proteins,genome,,,
redox,reduction,oxidation,,,
bitchplosion,bitch,explosion,,,
breathalyzer,breath,analyzer,,,
wallaroo,wallaby,kangaroo,,,
pekapoo,pekingnese,poodle,,,
dramastic,dramatic,drastic,,,
shockvertising,shock,advertising,,,
balun,balanced,unbalanced,,,
manlimony,man,alimony,,,
perzine,personal,zine,,,
trill,true,real,,,
runasty,run,nasty,,,
manwich,man,sandwich,,,
breastimate,breast,estimate,,,
ruthanasia,ruth,euthanasia,,,
chronoptimist,chronology,optimist,,,
requestion,request,question,,,
webzine,web,magazine,,,
condomplation,condom,contemplation,,,
bionicle,biological,chronicle,,,
mupload,mobile,upload,,,
aquabatics,aqua,acrobatics,,,
wario,warui,mario,,,
prequel,precede,sequel,,,
funkinetics,funk,kinetics,,,
lexpionage,lexion,espionage,,,
microwait,microwave,wait,,,
fictionary,fiction,dictionary,,,
fabulash,fabulous,eyelash,,,
mancession,man,recession,,,
wordrobe,word,wardrobe,,,
navahonky,navajo,hunky,,,
genome,gene,chromosome,,,
listicle,list,article,,,
muppet,marionette,puppet,,,
islamofascist,islamic,fascist,,,
beefalo,beef,buffalo,,,
stupitch,stupid,bitch,,,
bit,binary,digit,,,
liptease,lipstick,striptease,,,
skacore,ska,hardcore,,,
mayhaps,maybe,perhaps,,,
kegoff,keg,runoff,,,
courseware,course,software,,,
residrool,residue,drool,,,
celesbian,celebrity,lesbian,,,
taxicab,taximeter,cabriolet,,,
guyliner,guy,eyeliner,,,
spife,spoon,knife,,,
satisfice,satisfy,suffice,,,
freeware,free,software,,,
interrobang,interrogative,bang,,,
governator,governor,terminator,,,
manscape,man,landscape,,,
multidude,multitude,dude,,,
cockblocalypse,cockblock,apocalypse,,,
verizon,veritas,horizon,,,
scanlation,scan,translation,,,
twincest,twin,incest,,,
aggranoyed,aggravated,annoyed,,,
youniverse,you,universe,,,
pegasister,pegasus,sister,,,
wifi,wireless,fidelity,,,
adultolescence,adult,adolescence,,,
fortnight,fourteen,nights,,,
bedaffle,bedazzle,baffle,,,
blackistani,black,pakistani,,,
angeurysm,anger,aneurysm,,,
mimsy,miserable,flimsy,,,
alpacalypse,alpaca,apocalypse,,,
dancercise,dance,exercise,,,
kittenality,kitten,personality,,,
advertainment,advertising,entertainment,,,
mockney,mock,cockney,,,
chiberia,chicago,siberia,,,
fucktard,fucking,retard,,,
pulsar,pulsating,star,,,
earwitness,ear,eyewitness,,,
neargasm,near,orgasm,,,
edutainment,education,entertainment,,,
keytar,keyboard,guitar,,,
magriffic,magnificent,terrific,,,
bresilient,brilliant,resilient,,,
steelionaire,steel,millionaire,,,
funimation,fun,animation,,,
hellway,hellish,hallway,,,
bamon,bonnie,damon,,,
stoption,stop,option,,,
rectumobile,rectum,automobile,,,
clownsident,clown,president,,,
spanglish,spanish,english,,,
freshomore,fresh,sophomore,,,
transistor,transfer,resistor,,,
flexicurity,flexibility,security,,,
mattel,matt,elliot,,,
insinuendo,insinuation,innuendo,,,
wikipedia,wiki,encyclopedia,,,
bragabond,brag,vagabond,,,
sparrabeth,sparrow,elizabeth,,,
blurst,best,worst,,,
deskellop,describe,develop,,,
blaccent,black,accent,,,
chork,chopsticks,fork,,,
minimax,minimum,maximum,,,
brick,brick,blackberry,,,
gaymer,gay,gamer,,,
sexile,sex,exile,,,
procrasturbating,procrastination,masturbation,,,
skaunchy,skanky,raunchy,,,
hacktivism,hack,activism,,,
