animatronics,animation,electronics,,,
chump,chunk,lump,,,
smang,smash,bang,,,
horrocious,horrendous,atrocious,,,
wallyball,wall,volleyball,,,
raggazine,rag,magazine,,,
opinuendo,opinion,innuendo,,,
nerdvana,nerd,nirvana,,,
ridiculosity,ridiculous,monstrosity,,,
texel,texture,element,,,
reaganomics,ronald,reagan,economics,,
ineptitude,inept,aptitude,,,
adfested,ad,infested,,,
cuckservative,cuckold,conservative,,,
banjitar,banjo,guitar,,,
abansion,abandoned,mansion,,,
absatively,absolutely,positively,,,
frankenword,frankenstein,word,,,
wonkavator,wonka,elevator,,,
ebonics,ebony,phonics,,,
manssiere,man,brassier,,,
perzine,personal,zine,,,
tanzania,tanganiyaka,zanzibar,,,
westarctica,west,antarctica,,,
mechatronics,mechanical,electronics,,,
pandrogynous,pander,androgynous,,,
digimon,digital,monster,,,
glenbard,glen,ellyn,lombard,,
paratroop,parachute,troop,,,
zorse,zebra,horse,,,
celtadelic,celtic,psychedelic,,,
clintwood,clinton,eastwood,,,
digipeater,digital,repeater,,,
racne,rack,acne,,,
instaglam,instagram,glam,,,
moblog,mobile,weblog,,,
cockblocalypse,cockblock,apocalypse,,,
sargasm,sarcasm,orgasm,,,
greenwash,green,whitewash,,,
ambisextrous,ambidextrous,sex,,,
cellfish,cellphone,selfish,,,
sportscast,sports,broadcast,,,
kleptoking,kleptocrat,king,,,
brogrammer,brother,programmer,,,
kabloom,kaboom,bloom,,,
intellicentre,intelligent,centre,,,
heliskiing,helicopter,skiing,,,
sasshole,sass,asshole,,,
cheappuccino,cheap,cappucciono,,,
crisitunity,crisis,opportunity,,,
mocktail,mock,cocktail,,,
popaganda,pop,propaganda,,,
petrochemical,petroleum,chemical,,,
singlish,singaporean,english,,,
cablecast,cable,broadcast,,,
fungineering,fun,engineering,,,
cockapoo,cocker,poodle,,,
cyberpsychology,cybernetic,psychology,,,
anecdotage,anecdote,dotage,,,
bashtag,bash,hashtag,,,
robsten,robert,kristen,,,
wordcore,word,hardcore,,,
banoffee,banana,toffee,,,
intexticate,intoxicate,text,,,
celebutante,celebrity,debutante,,
lox,liquid,oxygen,,,
gaymer,gay,gamer,,,
crapella,crap,capella,,,
starchitect,star,architect,,,
breathalyzer,breath,analyzer,,,
intellidating,intelligent,dating,,,
netocracy,internet,aristocracy,,,
compaq,compatibility,quality,,,
chronoptimist,chronology,optimist,,,
blipster,black,hipster,,,
edress,email,address,,,
portmanteau,porter,manteau,,,
bodacious,bold,audacious,,,
owlmaha,owl,omaha,,,
mondaze,monday,daze,,,
pregnesia,pregnancy,amnesia,,,
caterpallor,caterpillor,palor,,,
memex,memory,index,,,
soundscape,sound,landscape,,,
masturwait,masturbate,wait,,,
silastic,silicone,plastic,,,
cronut,croissant,doughnut,,,
romcom,romantic,comedy,,
masosadist,masochistic,sadist,,,
teaffee,tea,coffee,,,
streetball,street,basketball,,,
prostadude,prostitute,dude,,,
literotica,literature,erotica,,,
animatrix,anime,matrix,
sitcom,situation,comedy,,,
prostiboots,prostitute,boots,,,
pegasister,pegasus,sister,,,
canckle,calf,ankle,,,
boxercise,boxing,exercise,,,
sharenting,share,parenting,,,
bridezilla,bride,godzilla,,,
buttmunch,butt,munch,,,
maltipoo,maltese,poodle,,,
mansplaining,man,explaining,,,
tenderpreneur,tendering,enterpreneur,,,
faby,food,baby,,,
destinesia,destiny,amnesia,,,
canwood,canadian,woodlands,,,
youniverse,you,universe,,,
blogairy,blog,diary,,,
fictomercial,fiction,commercial,,,
adjectard,adjective,retard,,,
bionicle,biological,chronicle,,,
juggersnot,juggernaut,snot,,,
kirginity,kiss,virginity,,,
valleyspeak,valley,speaker,,,
burninate,burn,terminate,,,
bitchplosion,bitch,explosion,,,
phonicon,phonetics,lexicon,,,
spectralert,spectral,alert,,,
fairborn,fairfield,osborn,,,
exsqueeze,excuse,squeeze,,,
grindlelore,grindelwald,dumbledore,,,
wikiquette,wiki,etiquette,,,
foreploy,foreplay,ploy,,,
decaflon,decaf,decathlon,,,
medicaid,medical,aid,,,
beatnik,beat,sputnik,,,
fortnight,fourteen,nights,,,
fascinaddict,fascinate,addict,,,
coopetition,cooperation,competition,,,
murketing,murky,marketing,,,
cineplex,cinema,complex,,,
crunk,crazy,drunk,,,
hazmat,hazardous,material,,,
pornament,porn,ornament,,,
fulcer,fake,ulcer,,,
arberati,arbor,literati,,,
threepeat,three,repeat,,,
cyborg,cybernetics,organism,,,
ninjelephant,ninja,elephant,,,
glymphatic,glial,lymphatic,,,
barkour,bark,parkour,,,
scanlation,scan,translation,,,
vegevangelical,vegan,evangelical,,,
pukestravaganza,puke,extravaganza,,,
newscast,news,broadcast,,,
meld,melt,weld,,,
blaxploitation,blacks,exploitation,,,
singlish,singapore,english,,,
spork,spoon,fork,,,
refudiate,refute,repudiate,,,
scanchy,scandalous,raunchy,,,
backne,back,acne,,,
laughgasm,laughter,orgasm,,,
bareoke,bare,kareoke,,,
sexposition,sex,exposition,,,
lullabuoy,lullaby,buoy,,,
cyberdelic,cyber,psychedelic,,,
blutter,blabber,stutter,,,
floorcest,floor,incest,,,
nillionaire,nil,millionaire,,,
paratrooper,parachute,trooper,,,
photobiography,photograph,biography,,,
alcoholiday,alcohol,holiday,,,
glamazon,glamour,amazon,,,
serdes,serialize,deserialize,,,
factoid,fact,haemorrhoid,,,
darwine,darwin,wine,,,
spatique,spa,boutique,,,
blogilates,blog,pilates,,,
librat,library,brat,,,
prosumer,producer,consumer,,,
funtastic,fun,fantastic,,,
sneezetipated,sneeze,anticipated,,,
intexticated,intoxicated,text,,,
groupon,group,coupon,,,
dohment,doh,moment,,,
addendix,add,appendix,,,
niubility,niubi,ability,,,
netiquette,internet,etiquette,,,
wactress,waitress,actress,,,
saintsgiving,saints,thanksgiving,,,
diabesity,diabetes,obesity,,,
vermontster,vermont,monster,,,
cremains,cremate,remains,,,
navelencia,navel,valencia,,,
avalaunch,avalanche,launch,,,
flavorgasm,flavor,orgasm,,,
explornography,explore,pornography,,,
internet,international,network,,,
fantabulous,fantastic,fabulous,,,
godcast,god,podcast,,,
sparklepire,sparkle,vampire,,,
ginormous,giant,enormous,,,
ideanomics,idea,economics,,,
podcasting,ipod,broadcasting,,,
mechatronics,mechanics,electronics,,,
chipster,chip,hipster,,,
slore,slut,whore,,,
magnadoodle,magnetic,doodle,,,
clownsident,clown,president,,,
stiction,static,friction,,,
muppet,marionette,puppet,,,
bullycide,bullying,suicide,,,
artsci,art,science,,,
edexcel,educational,excellence,,,
pornfolio,porn,portfolio,,,
advertainment,advertisement,entertainment,,,
admirampathy,admiration,empathy,,,
illiana,illinois,indiana,,,
triscuit,triple,biscuit,,,
sophistiratchet,sophisticated,ratchet,,,
latination,latin,nation,,,
travelocity,travel,velocity,,,
smudgemate,smudge,estimate,,,
russlish,russian,english,,,
guitalele,guitar,ukulele,,,
accenture,accent,future,,,
nicorette,nicotine,cigarette,,,
wuss,wimp,pussy,,,
parkade,parking,arcade,,,
doucheblog,douchebag,blog,,,
malamanteau,malapropism,portmanteau,,,
earwitness,ear,eyewitness,,,
flexicurity,flexibility,security,,,
vegeterrible,vegetarian,terrible,,,
groutfit,group,outfit,,,
beardo,beard,weirdo,,,
automobilia,automobile,memorabilia,,,
faction,fact,fiction,,,
phablet,phone,tablet,,,
aberzombie,abercrombie,zombie,,,
palicain,palin,mccain,,,
dallitude,dallas,attitude,,,
goofle,goof,google,,,
shwasted,shit,wasted,,,
jeggings,jean,leggings,,,
mocker,mod,rocker,,,
kidvid,kid,video,,,
mockumentary,mock,documentary,,,
bufugly,butt,fucking,ugly,,
afrocracy,african,democracy,,,
jewbilee,jew,jubilee,,,
insinnuendo,insinuate,innuendo,,,
baseketball,basketball,baseball,,,
gasohol,gasoline,alchohol,,,
malware,malicious,software,,,
netvertible,net,convertible,,,
intercom,internal,communication,,,
prevacid,prevent,acid,,,
wapanese,warp,japanese,,,
cotai,coloane,taipa,,,
glocal,global,local,,,
brainiac,brain,maniac,,,
interpol,international,police,,,
parentnoia,parent,paranoia,,,
mizzle,mist,drizzle,,,
shart,shit,fart,,,
hinglish,hindi,english,,,
freshomore,fresh,sophomore,,,
snark,snide,remark,,,
boswash,boston,washington,d,c,
sexting,sex,texting,,,
valsetz,valley,siletz,railroad,,
carboloy,carbon,alloy,,,
chinglish,chinese,english,,,
altright,alternative,right,,,
quasar,quasistellar,star,,,
grue,green,blue,,,
errtime,every,time,,,
bassackwards,backwards,ass,,,
brexit,britain,exit,,,
finacle,financial,pinnacle,,,
foreteen,foreman,thirteen,,,
neverendum,neverending,referendum,,,
nerdjacking,nerd,hijacking,,,
vagitarian,vagina,vegetarian,,,
frappuccino,frapp,cappuccino,,,
wakeeney,warren,keeney,,,
cupidity,cupid,stupidity,,,
femdom,female,dominance,,,
celebutant,celebrity,debutant,,,
pixel,picture,element,,,
meninist,men,feminist,,,
wikiquette,wikipedia,etiquette,,,
cheesus,cheese,jesus,,,
beatles,beat,beetles,,,
laundromat,laundry,mat,,,
statite,static,satellite,,,
kinect,kinetic,connection,,,
manscape,man,landscape,,,
blaysted,blazed,blasted,,,
slurority,slut,sorority,,,
balloonatics,balloon,fanatics,,,
kegoff,keg,runoff,,,
kidult,kid,adult,,,
seussical,seuss,musical,,,
elephacts,elephant,facts,,,
frolf,frisbee,golf,,,
scotchka,scotch,vodka,,,
sexploitation,sex,exploitation,,,
telegenic,television,photogenic,,,
billary,bill,hillary,,,
yankshake,yank,handshake,,,
playware,play,software,,,
twinight,twilight,night,,,
caninja,canine,ninja,,,
sexercism,sex,exorcism,,,
hotlanta,hot,atlanta,,,
arpanet,arpa,network,,,
smaze,smoke,maze,,,
snackrifice,snack,sacrifice,,,
apatheist,apathy,theist,,,
yellular,yell,cellular,,,
chrismukkah,christmas,hanukkah,,,
negrotiation,negro,negotiation,,,
croissandwich,croissant,sandwich,,,
classhole,class,asshole,,,
annoyicon,annoying,icon,,,
condem,conservative,democrats,,,
jackalope,jackrabbit,antelope,,,
mexicali,mexico,california,,,
tweetheart,tweet,sweetheart,,,
chairdrobe,chair,wardrobe,,,
lidar,light,radar,,,
mobocracy,mob,democracy,,,
debian,debra,ian,,,
kpop,korean,pop,,,
geoenable,geospatial,enablement,,,
pineosaur,pine,dinosaur,,,
libtard,liberal,retard,,,
motorcycle,motorized,bicycle,,,
listicle,list,article,,,
poo,pourri,poo,potpourri,,
ridonkulous,ridiculous,donkey,,,
cuddleship,cuddle,relationship,,,
promposal,prom,proposal,,,
scoopula,scoop,spatula,,,
addxiety,add,anxiety,,,
ponglish,polish,english,,,
terrist,terra,terrorist,,,
orgasmatron,orgasm,tron,,,
cashtration,cash,castration,,,
scarberia,scarborough,siberia,,,
exercycle,exercise,cycle,,,
blogebitry,blog,celebrity,,,
microllege,micro,college,,,
smark,smart,mark,,,
engayed,engaged,gay,,,
commuticate,commute,comminicate,,,
bleen,blue,green,,,
chinglish,english,chinese,,,
japanimation,japanese,animation,,,
killuminati,kill,illuminati,,,
hispander,hispanic,pander,,,
driday,drink,friday,,,
popcrack,popcorn,crack,,,
clownmander,clown,commander,,,
inscape,interior,landscape,,,
tanzania,tanganyika,zanzibar,,,
fearection,fear,erection,,,
famicom,family,computer,,,
napalm,naphthene,palmitate,,,
pensieve,pensive,sieve,,,
chugger,charity,mugger,,,
swooshtika,swoosh,swastika,,,
blackistani,black,pakistani,,,
appsessed,app,obsessed,,,
ruthanasia,ruth,euthanasia,,
smog,smoke,fog,,,
lacrosstitute,lacrosse,prostitute,,,
puggle,pug,beagle,,,
datacasting,data,broadcasting,,,
sysop,system,operator,,,
adorabubble,adorable,bubble,,,
oreolization,oreo,realization,,,
multicart,multiple,cartridge,,,
nonpology,non,apology,,,
permafrost,permanent,frost,,,
vitamer,vitamin,isomer,,,
spange,spare,change,,,
instrumedley,instrument,medley,,,
lexpionage,lexion,espionage,,,
animutation,animation,mutation,,,
tofurkey,tofu,turkey,,,
spanglish,spanish,english,,,
congressing,congress,digressing,,,
funkinetics,funk,kinetics,,,
victorinox,victoria,inox,,,
shareware,share,software,,,
angeurysm,anger,aneurysm,,,
bioneer,biological,pioneer,,,
vegicide,vegetable,homicide,,,
amerind,american,indian,,,
butterflump,butterfly,flump,,,
rawoman,ramen,woman,,,
moco,montgomery,county,,,
confusopoly,confusion,monopoly,,,
bordinary,bored,ordinary,,,
hacktivism,hacker,activism,,,
pirattitude,pirate,attitude,,,
blurst,best,worst,,,
walmart,walton,mart,,
jackintosh,jack,macintosh,,,
dohment,dawn,moment,,,
phubbing,phone,snubbing,,,
smellephant,smell,elephant,,,
wordrobe,word,wardrobe,,,
ecoteur,ecological,saboteur,,,
manther,man,panther,,,
hassle,haggle,tussle,,,
bootylicious,booty,delicious,,,
thermistor,thermal,resistor,,,
tangry,tired,angry,,,
fauxllet,faux,mullet,,,
bicurious,bisexual,curious,,,
favicon,favourite,icon,,,
glasshole,glass,asshole,,,
prion,proteinaceous,infectious,,,
conrail,consolidated,rail,,,
momager,mother,manager,,,
oblividroid,oblivious,android,,,
hacktivism,hack,activism,,,
splogger,spam,blogger,,,
thinspiration,thin,inspiration,,,
aricent,arise,ascent,,,
kittenality,kitten,personality,,,
subtweet,subliminal,tweet,,,
phoneck,phone,neck,,,
bigorexia,big,anorexia,,,
screamapillar,scream,caterpillar,,,
ubertastic,uber,fantastic,,,
tactleneck,tactical,turtleneck,,,
clopen,closed,open,,,
nintenditis,nintendo,tendonitis,,,
manhattanhenge,manhattan,stonehenge,,,
tigon,tiger,lion,,,
alcopop,alcohol,pop,,,
fucktard,fucking,retard,,,
calistoga,california,saratoga,,,
monsteroid,monster,asteroid,,,
shockvertising,shock,advertising,,,
dadventure,dad,adventure,,,
frusion,fruit,fusion,,,
slurve,slider,curve,,,
fleshlight,flashlight,flesh,,,
carborundum,carbon,corundum,,,
sloading,slow,loading,,,
fridget,fridge,widget,,,
barbossa,elizabeth,barbossabeth,,,
floordrobe,floor,wardrobe,,,
fucrunk,fucking,drunk,,,
fudgsicle,fudge,popsicle,,,
celesbian,celebrity,lesbian,,,
jesucentric,jesus,centric,,,
funfetti,fun,confetti,,,
zedonk,zebra,donkey,,,
transceiver,transmitter,receiver,,,
homintern,homosexual,comintern,,,
docusoap,documentary,soap,,,
netizen,internet,citizen,,,
anarchitecture,anarchy,architecture,,,
relationshit,relationship,shit,,,
eargasm,ear,orgasm,,,
abandonware,abandoned,software,,,
excitipated,excited,constipated,,,
talkartoon,talk,cartoon,,,
rurban,rural,urban,,,
womance,woman,romance,,,
laggot,lag,faggot,,,
blasian,black,asian,,,
ninjun,ninja,injun,,,
hasbian,has,been,lesbian,,
belieber,bieber,believer,,,
divatude,diva,attitude,,,
phonesia,phone,amnesia,,,
opprescedent,oppressive,precedent,,,
pumpkineer,pumpkin,engineer,,,
eurasia,europe,asia,,,
mobisode,mobile,phone,episode,,
nutraceutical,nutra,pharmaceutical,,,
verizon,veritas,horizon,,,
pronasty,professional,nasty,,,
toonie,two,loonie,,,
telemarketing,telephone,marketing,,,
frankenfood,frankenstein,food,,,
treap,tree,heap,,,
fabulash,fabulous,eyelash,,,
scrumlicious,scrumptious,delicious,,,
britcom,british,comedy,,,
contrail,condensation,trail,,,
charry,cho,harry,,,
nostracize,nose,ostracize,,,
frumious,fuming,furious,,,
bollywood,bombay,hollywood,,,
abend,abnormal,end,,,
debian,ian,murdock,debra,,
computato,computer,potato,,,
fanon,fan,canon,,,
friendcest,friend,incest,,,
botel,boat,hotel,,,
voxel,volumetric,pixel,,,
margaritarded,margarita,retarded,,,
ballico,ballintine,company,,,
manbag,man,handbag,,,
insinuendo,insinuation,innuendo,,,
trifficult,try,difficult,,,
plytanium,titanium,plywood,,,
cronut,croissant,donut,,,
carjack,car,hijack,,,
vomitrocious,vomit,atrocious,,,
lesbro,lesbian,bro,,,
gaddiction,gay,addiction,,,
cyberchondriac,cyber,hypochondriac,,,
calgon,calcium,gone,,,
multimodal,multiple,modal,,,
dancersize,dance,circumsize,,,
slackademic,slack,academic,,,
bennifer,ben,jennifer,,,
bellice,bella,alice,,,
squitten,squirrel,kitten,,,
pisshap,piss,mishap,,,
assne,ass,acne,,,
sexcretary,sex,secretary,,,
aforetexted,aforementioned,texted,,,
nintendogs,nintendo,dogs,,,
stan,stalker,fan,,,
epigenetics,epigenesis,genetics,,,
anvilicious,anvil,malicious,,,
neargasm,near,orgasm,,,
wholphin,whale,dolphin,,,
blaccent,black,accent,,,
dildacity,dildo,audacity,,,
offensieve,offensive,sieve,,,
mathlete,math,athlete,,,
nigglet,nigger,piglet,,,
bremain,britain,remain,,,
amtrak,american,track,,,
internest,internet,nest,,,
spamalot,spam,camelot,,,
trampede,trample,stampede,,,
cosmolission,cosmetic,collision,,,
masstige,mass,prestige,,,
fagag,fag,gag,,,
sharktopus,shark,octopus,,,
skitching,skating,hitching,,,
shankopotomas,shank,hippopotomas,,,
mafic,magnesium,ferric,,,
sitcom,situational,comedy,,,
affluenza,affluence,influenza,,,
brofessional,brother,professional,,,
frappucino,frappe,cappucino,,,
hathos,hate,pathos,,,
redox,reduction,oxidation,,,
jewsome,jew,threesome,,,
romomentum,romo,momentum,,,
simulcasting,simultaneous,broadcasting,,,
econocrat,economist,bureaucrat,,,
navahonky,navajo,hunky,,,
heteroflexible,heterosexual,flexible,,,
mutex,mutual,exclusion,,,
enginerd,engineer,nerd,,,
telex,teleprinter,exchange,,,
asciibetical,ascii,alphabetical,,,
schnoodle,schnauzer,poodle,,,
neighbornet,neighbor,internet,,,
staycation,stay,vacation,,,
televangelist,television,evangelist,,,
backronym,backwards,acronym,,,
alltheist,all,theist,,,
lawlrus,lawl,walrus,,,
brunner,breakfast,dinner,,,
breathalyser,breath,analyser,,,
hairagami,hair,origami,,,
shemale,she,male,,,
edutainment,education,entertainment,,,
outpatient,outside,patient,,,
satisfice,satisfy,suffice,,,
exaggeraddict,exaggeration,addict,,,
autopia,automobile,utopia,,,
permaculture,permanent,agriculture,,,
joyage,joy,voyage,,,
newrun,new,rerun,,,
sexpert,sex,expert,,,
tomacco,tomato,tobacco,,,
himbo,him,bimbo,,,
screwvenir,screw,souvenir,,,
misogynoir,misogyny,noir,,,
acatramp,academic,trampoline,,,
linsanity,lin,insanity,,,
nova,northern,virginia,,,
globish,global,english,,,
manazon,man,amazon,,,
accuntable,accountable,cunt,,,
mimsy,miserable,flimsy,,,
sleppy,sleepy,slaphappy,,,
cablegram,cable,telegram,,,
smexy,smell,sexy,,,
snowmageddon,snow,armageddon,,,
taxicab,taximeter,cabriolet,,,
bionic,biology,electronic,,,
positron,positive,electron,,,
beerage,beer,peerage,,,
cybrarian,cyber,librarian,,,
spillion,spill,million,,,
endorphin,endogenous,morphine,,,
runescape,rune,landscape,,,
jeopard,jaguar,leopard,,,
eracist,erase,racist,,,
drinkathon,drink,marathon,,,
juneteenth,june,nineteenth,,,
vaguebooking,vague,facebooking,,,
mexinigger,mexican,nigger,,,
alpacalypse,alpaca,apocalypse,,,
manlimony,man,alimony,,,
shockumentary,documentary,shock,,,
afpak,afghanistan,pakistan,,,
maddenating,maddening,infuriating,,,
tomkat,tom,katie
pegacorn,pegasus,unicorn,,,
comcast,communication,broadcast,,,
fluidrive,fluid,drive,,,
protohype,prototype,hype,,,
modem,modulator,demodulator,,,
bactually,but,actually,,,
facronym,fact,acronym,,,
eyeolating,eye,violating,,,
beurgeois,beur,bourgeois,,,
microsoft,microcomputer,software,,,
infomercial,information,commercial,,,
lapdesk,laptop,desktop,,,
snart,sneeze,fart,,,
crooklyn,crook,brooklyn,,,
phoneme,phonetics,scheme,,,
grantartica,grant,antartica,,,
pornograffitti,pornography,graffiti,,,
cabarenaissance,cabaret,renaissance,,,
intellivision,intelligent,television,,,
mupload,mobile,upload,,,
aggranoyed,aggravated,annoyed,,,
lavacid,lava,acid,,,
ethanol,ethyl,alcohol,,,
chesticle,chest,testicle,,,
kidcessory,kid,accessory,,,
bacne,back,acne,,,
weasleycest,weasley,incest,,,
giraffiti,giraffe,grafitti,,,
arcology,architecture,ecology,,,
bedgasm,bed,orgasm,,,
republicrat,republican,democrat,,,
confuzzled,confused,puzzled,,,
vinsanity,vince,insanity,,,
cunterrupted,cunt,interrupted,,,
passhole,pass,asshole,,,
parasailing,parachute,sailing,,,
waluigi,warui,luigi,,,
deskellop,describe,develop,,,
tamiami,tampa,miami,,,
nit,napierian,digit,,,
planimal,plant,animal,,,
drunchies,drunk,munchies,,,
declamatory,declarative,exclamatory,,,
introdouche,introduction,douchebag,,,
citibank,city,bank,,,
cryptex,cryptology,codex,,,
liboobrian,librarian,boob,,,
parsec,parallax,second,,,
nanotech,nano,technology,,,
slantendicular,slant,perpendicular,,,
chindia,china,india,,,
cliterati,clitoris,literati,,,
brick,brick,blackberry,,,
snowpocalypse,snow,apocalypse,,,
argmin,argument,minimum,,,
sexile,sex,exile,,,
transistor,transfer,resistor,,,
feminicide,feminine,homicide,,,
prequel,precede,sequel,,,
infotainment,information,entertainment,,,
lolocaust,lol,holocaust,,,
workaholic,work,alcoholic,,,
chinderwear,chin,underwear,,,
slutsident,slut,president,,,
podcast,ipod,broadcast,,,
handcestors,hand,ancestors,,,
britpick,british,nitpick,,,
wikiality,wiki,reality,,,
emergenturd,emergent,turd,,,
poptastic,pop,fantasy,,,
steelionaire,steel,millionaire,,,
celescalating,celestial,escalating,,,
boycon,boy,conversation,,,
blatina,black,latina,,,
toonami,cartoon,tsunami,,,
companding,compressing,expanding,,,
mypod,my,ipod,,,
krogert,kroger,yogurt,,,
bluetool,bluetooth,tool,,,
peacherine,peach,nectarine,,,
transponder,transmitter,responder,,,
awksauce,awkward,sauce,,,
jihobbyist,jihad,hobbyist,,,
badical,bad,radical,,,
gayby,gay,baby,,,
shlam,slam,ham,,,
alstom,alsace,thompson,,
batmobile,batman,automobile,,,
sanskritism,sanskrit,neologism,,,
adultolescence,adult,adolescence,,,
utilidor,utilities,cooridor,,,
vermonster,vermont,monster,,,
flong,flip,cup,beer,pong,
disgustipated,disgust,constipated,,,
chortle,chuckle,snort,,,
boxster,boxer,roadster,,
pomosexual,postmodern,sexual,,,
mozilla,mosaic,godzilla,,,
webzine,web,magazine,,,
vitamin,vital,amine,,,
precariat,precarious,proletariat,,,
caltrain,california,train,,,
flirtationship,flirtation,relationship,,,
formasual,formal,casual,,,
microwait,microwave,wait,,,
beerios,beer,cheerios,,,
mexicunt,mexican,cunt,,,
awesmazing,awesome,amazing,,,
skype,sky,peer,,,
mornoon,morning,noon,,,
swisslish,swiss,english,,,
factitious,fact,ficticious,,,
slanguistics,slang,linguistics,,,
jewpeg,jew,jpeg,,,
advertorial,advertisement,editorial,,,
hotsome,hot,awesome,,,
dubtitle,dub,subtitle,,,
prancercise,prance,exercise,,,
orgasmatron,orgasm,cyclotron,,,
stoup,stew,soup,,,
travelogue,travel,monologue,,,
prosumer,professional,consumer,,,
motorcade,motor,cavalcade,,,
kapoop,kaput,poop,,,
feminazi,feminist,nazi,,,
rectumobile,rectum,automobile,,,
chalko,chalk,typo,,,
webciety,web,society,,,
because,by,cause,,,
biopic,biography,picture,,,
hiberdating,hibernation,dating,,,
limon,lime,lemon,,,
desknote,desktop,notebook,,,
electrocute,electric,execute,,,
creople,creepy,people,,,
avionics,aviation,electronics,,,
holidaze,holiday,daze,,,
multiplex,multiple,complex,,,
brony,brother,pony,,,
brocelet,brother,bracelet,,,
folksonomy,folks,taxonomy,,,
fungasm,fun,orgasm,,,
earmarxist,earmark,marxist,,,
onlineness,online,loneliness,,,
japanimation,japan,animation,,,
intaxication,intoxication,tax,,,
bohunk,bohemian,hungarian,,,
camerah,cameron,sarah,,,
sharted,shit,farted,,,
patternicity,pattern,capacity,,,
neurotypical,neurologically,typical,,,
incredibad,incredible,bad,,,
californication,california,fornication,,,
protoduct,prototype,product,,,
fangore,fang,gore,,,
sacrilicious,sacrilege,delicious,,,
platisher,platform,publisher,,,
tardass,retard,dumbass,,,
pizzone,pizza,calzone,,,
amtrak,america,track,,,
cama,camel,llama,,,
stoption,stop,option,,,
frenemy,friend,enemy,,,
agitprop,agitation,propaganda,,,
quexistence,quest,existence,,,
backronym,back,acronym,,,
drarry,draco,harry,,,
netmeet,internet,meeting,,,
fagnitude,fag,magnitude,,,
docudrama,documentary,drama,,,
facebooklift,facebook,facelift,,,
feminoid,female,android,,,
satisficing,satisfactory,sufficing,,,
triticale,triticum,secale,,,
cinemax,cinema,maximum,,,
beepilepsy,beep,epilepsy,,,
forgirl,former,girlfriend,,,
asstag,ass,hashtag,,,
glitterati,glitter,literati,,,
sophomoronic,sophomore,moronic,,,
fushi,fake,sushi,,,
clamato,clam,tomato,,,
pharming,pharmaceutical,farming,,,
blog,web,log,,,
autotrocity,automotive,atrocity,,,
buffeteria,buffet,cafeteria,,,
automagical,automatic,magical,,,
fugly,fucking,ugly,,,
breturn,britain,return,,,
biopic,biographical,picture,,
moonscape,moon,landscape,,,
belfie,butt,selfie,,,
guyliner,guy,eyeliner,,,
mancession,man,recession,,,
cassingle,cassette,single,,,
bash,bang,smash,,,
sheeple,sheep,people,,,
digivolve,digital,evolve,,,
twitler,twitter,hitler,,,
fantasmic,fantastic,orgasmic,,,
textpectation,text,expectation,,,
mailstrom,mail,maelstrom,,,
botox,botulism,toxin,,,
sparrabeth,sparrow,elizabeth,,,
geep,goat,sheep,,,
flounder,flounce,blunder,,,
codec,coder,decoder,,,
epeen,electronic,penis,,,
nontroversy,non,controversy,,,
conlang,constructed,language,,,
reshoring,return,offshoring,,,
rogernomics,roger,economics,,,
aerobatics,aerial,acrobatics,,,
clapathy,clap,apathy,,,
facebrag,facebook,brag,,,
jagerbomb,jagermeister,bomb,,,
taglish,tagalog,english,,,
aftorning,after,morning,,,
hipstocratical,hipster,hypocritical,,,
balun,balanced,unbalanced,,,
spangel,spike,angel,,,
rendezbooze,rendezvous,booze,,,
pronsponsive,proactive,responsive,,,
bardolatry,bard,idolatry,,,
shopathon,shopping,marathon,,,
jardee,jardanup,deeside,,,
residrool,residue,drool,,,
tanorexia,tan,anorexia,,,
mexifornia,mexico,california,,,
melancholic,melancholy,alcoholic,,,
abstakiss,abstain,kiss,,,
anecdata,anecdote,data,,,
jazzercise,jazz,exercise,,,
decorcize,decor,exorcize,,,
fursplode,fur,explode,,,
spamdexing,spam,indexing,,,
folex,fake,rolex,,,
electrocution,electronic,execution,,,
wordsessive,word,obsessive,,,
zony,zebra,pony,,,
geekelated,geek,elated,,,
creamsicle,cream,popsicle,,,
maltuition,malnutrition,tuition,,,
carbage,car,garbage,,,
spamtard,spam,retard,,,
camphone,camera,phone,,,
hasbian,hasbeen,lesbian,,,
happymonius,happy,harmonius,,,
fraubtier,frau,raubtier,,,
fibliography,fiction,bibliography,,,
globesity,global,obesity,,,
sofass,sofa,ass,,,
czechoslovakia,czech,slovakia,,,
minimax,minimum,maximum,,,
smash,smack,mash,,,
classitorium,class,auditorium,,,
caraoke,car,karaoke,,,
natitude,nationals,attitude,,,
swapportunity,swap,opportunity,,,
mimbo,male,bimbo,,,
ultrabook,ultraportable,notebook,,,
weejun,norwegian,injun,,,
twincest,twin,incest,,,
pleather,plastic,leather,,,
wheymen,whey,amen,,,
animatronic,animate,electronic,,,
flavorite,flavor,favorite,,,
dancercise,dance,exercise,,,
fandom,fanatic,kingdom,,,
kmart,s,s,kresge,mart,
castleroid,castle,asteroid,,,
pornocchio,porn,pinocchio,,,
cosmonism,cosmos,organism,,,
thangry,thirsty,hungry,,,
ruthanasia,ruth,euthanasia,,,
fratmosphere,frat,atmosphere,,,
prezactly,precise,exactly,,,
kanwaka,kanwaka,wakarusa,,,
swaption,swap,option,,,
imagineering,imagine,engineering,,,
policenauts,police,astronaut,,,
boxrec,boxing,records,,,
negatude,negative,attitude,,,
frogurt,frozen,yogurt,,,
chumpionship,chump,championship,,,
glob,globe,blob,,,
kiva,kate,ziva,,,
castrophony,catastrophe,cacaphony,,,
meowse,cat,mouse,,,
bit,binary,digit,,,
snoogle,snuggle,coddle,,,
blook,blog,book,,,
cocacolonization,cocacola,colonization,,,
webisode,web,episode,,,
merkozy,merkel,sarkozy,,,
capcom,capsule,communicator,,,
boobular,boob,spectacular,,,
instrumedley,instrumental,medley,,,
infographic,information,graphic,,,
citigroup,city,group,,,
shnot,shit,snot,,,
blotch,blot,botch,,,
anadig,analog,digital,,,
spife,spoon,knife,,,
spoopy,spooky,boop,,,
anecdoubt,anecdote,doubt,,,
vog,volcano,smog,,,
familiated,family,humiliated,,,
humanure,human,manure,,,
edgehog,edge,hedgehog,,,
fpoon,frosty,spoon,,,
religulous,religion,ridiculous,,,
gleek,glee,geek,,,
gamestorming,games,brainstorming,,,
fauxhawk,faux,mohawk,,,
revengicide,revenge,suicide,,,
metrosexual,metropolitan,heterosexual,,,
trill,true,real,,,
geocaching,geography,caching,,,
liary,liar,diary,,,
manstration,man,menstruation,,,
webtrovert,web,extrovert,,,
grasscycle,grass,recycle,,,
praystation,pray,playstation,,,
squiggle,squirm,wiggle,,,
illuminanswer,illuminate,answer,,,
fruitomic,fruit,atomic,,,
execubabble,executive,babble,,,
narcissistick,narcissist,stick,,,
medicare,medical,healthcare,,,
aerosoul,aerosol,soul,,,
webcast,web,broadcast,
sharknado,shark,tornado,,,
mayhaps,maybe,perhaps,,,
pornograffiti,pornography,graffiti,,,
magriffic,magnificent,terrific,,,
simulcast,simultaneous,broadcast,,,
boost,boom,hoist,,,
hormotion,hormone,emotion,,,
meanderthal,meander,neanderthal,,,
sleepathon,sleep,marathon,,,
buddhaverse,buddha,universe,,,
mobitone,mobile,tone,
craptacular,crap,spectacular,,,
budtender,bud,bartender,,,
dataveillance,data,surveillance,,,
olionaire,oil,millionaire,,,
requestion,request,question,,,
bragabond,brag,vagabond,,,
broccoflower,broccoli,cauliflower,,,
slambulance,slam,ambulance,,,
damntastic,damn,fantastic,,,
viewtiful,view,beautiful,,,
googleheimer,google,alzheimer,,,
consumicane,consumer,hurricane,,,
cyborg,cybernetic,organism,,,
jeggings,jeans,leggings,,,
motel,motor,hotel,,,
bregret,britain,regret,,,
nexterday,next,yesterday,,,
naco,nacho,taco,,,
pellistor,pellet,resistor,,,
fedex,federal,express,,,
literasewer,literature,sewer,,,
stragedy,strategy,tragedy,,,
snice,snow,ice,,,
pomato,potato,tomato,,,
ambitchous,ambitious,bitch,,,
roverload,rove,overload,,,
ecomagination,ecology,imagination,,,
finsta,fake,insta,,,
sexationship,sex,relationship,,,
wifi,wireless,fidelity,,,
bevalanche,beverage,avalance,,,
zeedonk,zebra,donkey,,,
dramedy,drama,comedy,,,
argmax,argument,maximum,,,
boregasm,boredom,orgasm,,,
flexitarian,flexible,vegetarian,,,
odditorium,odd,auditorium,,,
niteflix,night,netflix,,,
googlezon,google,amazon,,,
chuggers,charity,muggers,,,
trongs,tri,tongs,,,
squand,sand,aqua,,,
falloween,fall,halloween,,,
accountabilibuddy,accountability,buddy,,,
prostitot,prostitute,tot,,,
ineption,inept,inception,,,
midnitini,midnight,martini,,,
ironeous,irony,erroneous,,,
ipeeper,ipod,peeper,,,
skort,skirt,short,,,
videocracy,video,democracy,,,
taardvark,retard,aardvark,,,
intertwingle,intertwine,intermingle,,,
glamping,glamorous,camping,,,
clink,click,link,,,
obamania,obama,mania,,,
delran,delaware,rancocas,,,
documercial,documentary,commercial,,,
balloonicle,balloon,vehicle,,,
pulsar,pulsating,star,,,
seatac,seattle,tacoma,,,
voluntown,volunteer,town,,,
macintrash,macintosh,trash,,,
backstitution,back,substitution,,,
hatorade,hater,gatorade,,,
knork,knife,fork,,,
killdozer,kill,bulldozer,,,
telematics,telecommunications,informatics,,,
graphilator,graph,calculator,,,
joggling,jogging,juggling,,,
dudevorce,dude,divorce,,,
evacucation,evacuation,vacation,,,
wiktionary,wiki,dictionary,,,
yesterdecade,yesterday,decade,,,
trumponomics,trump,economics,,,
millux,miller,lux,,,
alphanumeric,alphabetic,numeric,,,
brynette,bree,lynette,,,
qubit,quantum,bit,,,
chork,chopstick,fork,,,
mobcest,mob,incest,,,
pastafarian,pasta,rastafarian,,,
governator,governor,terminator,,,
webcam,web,camera,
charticle,chart,article,,,
revolusongs,revolution,songs,,,
muttation,mutt,mutation,,,
nerdgy,nerd,orgy,,,
pekapoo,pekingnese,poodle,,,
halfalogue,half,dialogue,,,
gaysian,gay,asian,,,
obliviot,oblivious,idiot,,,
chiberia,chicago,siberia,,,
oxbridge,oxford,cambridge,,,
garriage,gay,marriage,,,
japlish,japanese,english,,,
falk,facebook,stalk,,,
mandals,man,sandals,,,
assmosis,ass,osmosis,,,
altadena,alta,pasadena,,,
warfarin,warf,coumarin,,,
torrible,terrible,horrible,,,
fashism,fashion,fascism,,,
indialantic,indian,atlantic,,,
trumpkin,trump,pumpkin,,,
nonversation,non,conversation,,,
flirtini,flirt,martini,,,
snatiation,sneeze,satiation,,,
fandom,fan,kingdom,,,
imagineering,imagination,engineering,,,
runasty,run,nasty,,,
acabowl,academic,bowl,,,
masshole,massachusetts,asshole,,,
spinderella,spin,cinderella,,,
freemium,free,premium,,,
murse,man,purse,,,
advict,advil,addict,,,
himsomnia,him,insomnia,,,
presenteeism,present,absenteeism,,,
sysadmin,system,administrator,,,
wintel,windows,intel,,,
wigger,white,nigger,,,
peasantvision,peasant,television,,,
gaydar,gay,radar,,,
fauxpology,faux,apology,,,
fasturbate,fast,masturbate,,,
hiccurp,hiccup,burp,,,
recessionitis,recession,bronchitis,,,
webinar,world,wide,web,seminar,
lebronnabe,lebron,wannabe,,,
chork,chopsticks,fork,,,
michiana,michigan,indiana,,,
winsted,winchester,barkhamsted,,,
lacostitute,lacoste,prostitute,,,
franglish,french,english,,,
ginormous,gigantic,enormous,,,
procastivity,procastination,productivity,,,
bachmeyes,bachman,eyes,,,
islamofascist,islamic,fascist,,,
condomplate,condom,contemplate,,,
sqrat,squirrel,rat,,,
anacronym,anachronism,acronym,,,
wincest,winchester,incest,,,
goaltimate,goal,ultimate,,,
hitlery,hitler,hillary,,,
dramastic,dramatic,drastic,,,
introsexual,introvert,sexual,,,
fembot,female,robot,,,
rolodex,rolling,index,,,
shweater,shirt,sweater,,,
facehack,facebook,hack,,,
agreesome,agreement,threesome,,,
homocaust,homosexual,holocaust,,,
chanerism,chan,mannerism,,,
vombomb,vomit,bomb,,,
masturdating,masturbate,dating,,,
febro,female,bro,,,
ignoranus,ignoramus,anus,,,
beerlicious,beer,delicious,,,
irrightional,irrational,right,,,
transmisogyny,transphobia,misogyny,,,
pinterest,pin,interest,,,
birthmas,birthday,christmas,,,
amerithrax,american,anthrax,,,
fluidram,fluid,dram,,,
intel,integrated,electronics,,,
evailable,electronic,available,,,
fraudience,fraud,audience,,,
interrobang,interrogative,bang,,,
strunk,stoned,drunk,,,
freecycling,free,recycling,,,
wikidemia,wiki,academia,,,
snozzle,snuggle,nuzzle,,,
botax,botox,tax,,,
awkfeat,awkward,fest,,,
kinect,kinetic,connect,,,
radome,radar,dome,,,
corpsicle,corpse,popsicle,,,
loopular,loop,circular,,,
converstroyer,conversation,destroyer,,,
cellophane,cellulose,diaphane,,,
absoludicrous,absolutely,ridiculous,,,
palimony,partner,alimony,,,
bedaffle,bedazzle,baffle,,,
gerrymander,gerry,salamander,,,
panormous,pan,enormous,,,
enculturement,enlightenment,culture,,,
beerboarding,beer,waterboarding,,,
horngry,horny,hungry,,,
automagically,automatic,magically,,,
dormobile,dormitory,automobile,,,
disposophobia,disposal,phobia,,,
emoticon,emotion,icon,,,
condragulations,congratulations,drag,,,
guesstimate,guess,estimate,,,
carbonics,car,ebonics,,,
irregardless,irrespective,regardless,,,
docusoap,documentary,soap,,,
lactivism,lactation,activism,,,
manscaping,man,landscaping,,,
hackintosh,hack,macintosh,,,
ezine,electronic,magazine,,,
afterbating,after,masturbating,,,
darkane,dark,arcane,,,
miscreantics,miscreant,antics,,,
hillbot,hillary,bot,,,
spime,space,time,,,
spambot,spam,robot,,,
libercarelessian,libertarian,careless,,,
bamon,bonnie,damon,,,
marigo,maria,amigo,,,
malvertising,malicious,advertising,,,
jewfro,jew,afro,,,
comcastic,comcast,fantastic,,,
stragmatics,strategy,pragmatics,,,
kissess,kiss,caress,,,
bakerloo,bakerstreet,waterloo,,,
bromance,brother,romance,,,
moped,motor,pedal,,,
winco,winning,company,,,
cremains,cremated,remains,,,
labradoodle,labrador,poodle,,,
congraduations,congratulations,graduation,,,
dankrupt,dank,bankrupt,,,
viewser,view,browser,,,
nexis,ned,alexis,,,
famiclone,family,clone,,,
skyjack,sky,hijack,,,
hetlagged,hetero,jetlagged,,,
agnoptimist,agnostic,optimist,,,
administrivia,administration,trivia,,,
aqualibrium,aquatic,equilibrium,,,
napalm,napthene,palmitate,,,
minimoon,mini,honeymoon,,,
bragplaining,brag,explaining,,,
sexcapade,sex,escapade,,,
calexico,california,mexico,,,
privoxy,private,proxy,,,
bioterrorism,biological,terrorism,,,
spirmitment,spirit,commitment,,,
penigallery,penis,gallery,,,
factivist,fact,activist,,,
procrasturbating,procrastination,masturbation,,,
veepstakes,veep,sweepstakes,,,
beardruff,beard,dandruff,,,
refirement,retirement,fire,,,
tindisaster,tinder,disaster,,,
stupendulous,stupendous,fabulous,,,
bozone,bozo,ozone,,,
sacredfice,sacred,edifice,,,
advertainment,advertising,entertainment,,,
wario,warui,mario,,,
wallaroo,wallaby,kangaroo,,,
monthiversary,month,anniversary,,,
fabulosexual,fabulous,sexual,,,
plastiglomerate,plastic,agglomerate,,,
liptease,lipstick,striptease,,,
dissfensive,defensive,diss,,,
skacore,ska,hardcore,,,
transfarency,transparency,fare,,,
alphabet,alpha,beta,,,
chillax,chill,relax,,,
academirrhea,academic,diarrhea,,,
jitterati,jitter,literati,,,
pallywood,palestinian,hollywood,,,
pluot,plum,apricot,,,
neverendum,never,referendum,,,
frecency,frequency,recency,,,
kormak,charles,korpela,oscar,maki,
thanksgivukkah,thanksgiving,hanukkah,,,
redditor,reddit,editor,,,
pedobear,pedophile,bear,,,
dejabrew,dejavu,brew,,,
debargue,debate,argument,,,
bridorexia,anorexia,,,,
fratire,fraternity,satire,,,
neither,not,either,,,
futatonic,futon,catatonic,,,
anticipointment,anticipation,disappointment,,,
wavicle,wave,particle,,,
screenager,screen,teenager,,,
jizzney,jizz,disney,,,
newtmentum,newt,momentum,,,
carcolepsy,car,narcolepsy,,,
yugopotamia,yugoslavia,mesopotamia,,,
ametrine,amethyst,citrine,,,
compfusion,computer,confusion,,,
pastability,pasta,possibility,,,
godsome,godly,awesome,,,
niftabulous,nifty,fabulous,,,
banquance,banquet,dance,,,
voxel,volume,pixel,,,
broscience,brother,science,,,
liger,lion,tiger,,,
sony,sonus,sonny,,,
yogalates,yoga,pilates,,,
fanzine,fan,magazine,,,
rockabilly,rocknroll,hillybilly,,,
frankenfish,frankenstein,fish,,,
phonundrum,phone,conundrum,,,
cosmeceutical,cosmetic,pharmaceutical,,,
lebum,lebron,bum,,,
disturbia,disturb,suburbia,,,
molestache,mole,moustache,,,
chillaxing,chilling,relaxing,,,
vidiot,video,idiot,,,
lolarious,lol,hilarious,,,
advertorial,advertising,editorial,,,
franglais,french,english,,,
doppelbangers,doppelgangers,bang,,,
creeperazzi,creepy,paparazzi,,,
freepon,free,coupon,,,
obamacare,obama,healthcare,,,
brunch,breakfast,lunch,,,
adorapresh,adorable,precious,,,
freakonomics,freak,economics,,,
adjunk,adjunct,junk,,,
palinthusiasm,palin,enthusiasm,,,
ecotage,ecology,sabotage,,,
satisficing,satisfy,suffice,,,
goodbye,god,be,you,,
blaxican,black,mexican,,,
pixelante,pixel,vigilante,,,
rebuse,rebuke,abuse,,,
freegan,free,vegan,,,
lapcorn,lap,popcorn,,,
deflicted,deformed,afflicted,,,
drawble,drawing,drabble,,,
finimany,finitely,many,,,
radiopaque,radiation,opaque,,,
cumberbitch,cumberbatch,bitch,,,
flabdomen,flab,abdomen,,,
protoflight,prototype,flight,,,
multiverse,multiple,universe,,,
minja,midget,ninja,,,
desilu,desi,lucille,,,
guitarthritis,guitar,arthritis,,,
stupitch,stupid,bitch,,,
multidude,multitude,dude,,,
dancelexia,dance,dyslexia,,,
amazonukkah,amazon,hanukkah,,,
billex,bill,alex,,,
eurogeddon,europe,armageddon,,,
provacawhoritive,provocative,whore,,,
conglomocoffee,conglomerate,coffee,,,
blobject,blob,object,,,
fictionary,fiction,dictionary,,,
urinalysis,urine,analysis,,,
showmance,show,romance,,,
tangelo,tangerine,pomelo,,,
sexcident,sex,accident,,,
queerdo,queer,weirdo,,,
fasian,fake,asian,,,
hangry,hunger,angry,,,
mexican,t,mexican,can,t,
squircle,square,circle,,,
thotcrates,thot,socrates,,,
blackanese,black,japanese,,,
webinar,web,seminar,,,
tenderoni,tender,macaroni,,,
docufiction,documentary,fiction,,,
alcoholimia,alcohol,bulimia,,,
zonkey,zebra,donkey,,,
podestrian,pod,pedestrian,,,
mattergy,matter,energy,,,
menopaws,menopause,paws,,,
brony,bro,pony,,,
econometric,economics,metric,,,
smaze,smoke,haze,,,
typerventilate,type,hyperventilate,,,
jython,java,python,,,
jazzerina,jazz,ballerina,,,
proteome,proteins,genome,,,
stagflation,stagnation,inflation,,,
spokesblogger,spokesperson,blogger,,,
scriptment,script,document,,,
glitz,glamour,ritz,,,
jangle,jingle,dangle,,,
latergram,later,instagram,,,
aquabatics,aqua,acrobatics,,,
infinitionaire,infinity,millionaire,,,
advertblasting,advertisement,blasting,,,
chairobics,chair,aerobics,,,
smilence,smile,silence,,,
spamdex,sound,index,,,
distractard,distract,retard,,,
breastimate,breast,estimate,,,
brangus,brahman,angus,,,
stupious,stupid,studious,,,
dormcest,dormitory,incest,,,
keytar,keyboard,guitar,,,
pregnatory,pregnant,purgatory,,,
chavtastic,chav,fantastic,,,
narcoterrorism,narcotics,terrorism,,,
cryptanalysis,cryptogram,analysis,,,
vlog,video,blog,,,
drice,dry,ice,,,
skintimidate,skin,intimidate,,,
chemokine,chemotactic,cytokine,,,
chocotaco,chocolate,taco,,,
autotune,automatic,tune,,,
prissy,prim,sissy,,,
sarcastrophe,sarcasm,catastrophe,,,
folksonomy,folk,taxonomy,,,
jerksome,jerk,irksome,,,
glob,gob,blob,,,
texodus,texas,exodus,,,
wikizen,wiki,citizen,,,
brouter,bridge,router,,,
hiberdating,hibernate,dating,,,
textrovert,text,extrovert,,,
galumph,gallop,triumph,,,
ringxiety,ring,anxiety,,,
tweenage,teenage,tween,,,
carefronting,care,confronting,,,
slanguage,slang,language,,,
telethon,telephone,marathon,,,
mantrum,man,tantrum,,,
spectacooler,spectacular,cooler,,,
genome,gene,chromosome,,,
advertecture,advertising,architecture,,,
kripkenstein,kripke,wittgenstein,,,
tridge,tri,cities,bridge,,
brangelina,brad,pitt,angelina,jolie,
googleganger,google,doppelganger,,,
freeware,free,software,,,
electrocutioner,electrocution,executioner,,,
amway,american,way,,,
fratastic,fraternity,fantastic,,,
irrigon,irrigation,oregon,,,
heteronormativity,heterosexual,normativity,,,
elviscerate,elvis,eviscerate,,,
medijuana,medical,marijuana,,,
affemorrow,after,tomorrow,,,
fruitopia,fruit,utopia,,,
blotch,blot,hotch,,,
aurictate,aurium,lactate,,,
cosplay,costume,play,,,
corplaining,corporation,complaining,,,
chiptease,chip,striptease,,,
mehthematician,meh,mathematician,,,
nastronaut,nasa,astronaut,,,
seascape,sea,landscape,,,
obamanomics,obama,economics,,,
affectitties,affect,titties,,,
boxster,boxer,roadster,,,
herstory,her,history,,,
hypathenuse,hypotenuse,path,,,
beaulicious,beautiful,delicious,,,
londonistan,london,pakistan,,,
gearotica,gear,erotica,,,
digicam,digital,camera,,,
gaybernation,gay,hibernation,,,
chokebreaker,chokeslam,backbreaker,,,
telecast,television,broadcast,,,
gainsay,against,say,,,
medifraud,medical,fraud,,,
moobs,man,boobs,,,
cameleopard,camel,leopard,,,
paddict,pad,addict,,,
posistor,positive,thermistor,,,
coxbox,coxswain,box,,,
prodiction,pro,prediction,,,
robocall,robotic,call,,,
permanipple,permanent,nipple,,,
funimation,fun,animation,,,
squintern,squint,intern,,,
pretext,pretend,text,,,
phonestrated,phone,frustrated,,,
libgasm,liberal,orgasm,,,
suspowledge,suspicion,knowledge,,,
pokemon,pocket,monster,,,
adminazi,admin,nazi,,,
deliquid,delicious,liquid,,,
hellway,hellish,hallway,,,
irritainment,irritation,entertainment,,,
viewmongous,view,humongous,,,
ghostvator,ghost,elevator,,,
diamat,dialectical,materialism,,,
awkword,awkward,word,,,
mobisode,mobile,episode,,,
frowculation,frown,calculation,,,
presstitute,press,prostitute,,,
jewtheran,jew,lutheran,,,
motorcare,motor,cavalcade,,,
sexercise,sex,exercise,,,
cyclohexellent,cyclohexane,excellent,,,
beefalo,beef,buffalo,,,
passfusion,password,confusion,,,
alternawhore,alternative,whore,,,
hurricanceled,hurricane,canceled,,,
cheeseburger,cheese,hamburger,,,
avgas,aviation,gasoline,,,
spamalot,camelot,spam,,,
metrosexual,metro,homosexual,,,
caplet,capsule,tablet,,,
hubot,human,robot,,,
wikipedia,wiki,encyclopedia,,,
penngineer,penn,engineer,,,
socialtainer,social,entertainer,,,
mattel,matt,elliot,,,
worderful,word,wonderful,,,
sarchasm,sarcasm,chasm,,,
biopic,biographical,picture,,,
flashpacking,flash,backpacking,,,
medicare,medical,care,,,
excimer,excited,dimmer,,,
mangina,man,vagina,,,
voluntold,volunteer,told,,,
digerati,digital,literati,,,
screenshot,screen,snapshot,,,
lobstrosity,lobster,monstrosity,,,
greedonomics,greed,economics,,,
elevision,elevator,vision,,,
smelloscope,smelly,tellyscope,,,
homance,hoe,romance,,,
camcorder,camera,recorder,,,
skyaking,sky,kayaking,,,
machinima,machine,cinema,,,
condomplation,condom,contemplation,,,
methanol,methyl,alcohol,,,
email,electronic,mail,,,
recrap,recap,crap,,,
manwich,man,sandwich,,,
amazome,amazing,awesome,,,
mactionary,mac,dictionary,,,
dumbfound,dumb,confound,,,
snizzle,snow,drizzle,,,
analrapist,analyst,therapist,,,
pekeapoo,pekingese,poodle,,,
boughetto,bourgeois,ghetto,,,
punny,pun,funny,,,
tween,teen,between,,,
manicorn,man,unicorn,,,
ethubious,ethical,dubious,,,
novembeard,november,beard,,,
emola,emotion,ebola,,,
narutard,naruto,retard,,,
fergalicious,fergie,delicious,,,
froogle,frugal,google,,,
murse,male,nurse,,,
skaunchy,skanky,raunchy,,,
brandwagon,brand,wagon,,,
genderbread,gender,gingerbread,,,
bresilient,brilliant,resilient,,,
shambolic,shamble,diabolic,,,
boytastrophe,boy,catastrophe,,,
nounjective,noun,adjective,,,
precrestination,procrastination,crest,,,
jorts,jeans,shorts,,,
funcated,fun,truncated,,,
laborhood,labor,neighborhood,,,
yosicle,yogurt,popsicle,,,
discustion,disgust,discussion,,,
thesbian,thespian,lesbian,,,
rockumentary,rock,documentary,,,
bankster,banker,gangster,,,
architectronica,architect,electronica,,,
monterey,monte,rey,,,
glamping,glamour,camping,,,
airpain,airplane,pain,,,
courseware,course,software,,,
cacaophony,cacaphony,cocoa,,,
mancation,man,vacation,,,
niggerabilia,nigger,memorabilia,,,
incognegro,incognito,negro,,,
blogjam,blog,logjam,,,
mockney,mock,cockney,,,
nerdstalgia,nerd,nostaglia,,,
frape,facebook,rape,,,
knowledgebase,knowledge,database,,,
scuzz,scum,fuzz,,,
advertecture,advertising,architecture,,,
nylon,new,york,london,,
chunnel,channel,tunnel,,,
elefucker,elevator,fucker,,,
sporgery,spam,forgery,,,
whino,whine,rhino,,,
carmageddon,car,armageddon,,,
mascary,mascara,scary,,,
bookstagram,book,instagram,,,
badvice,bad,advice,,,
nucleonic,nuclear,electronic,,,
dazardous,dangerous,hazardous,,,
linux,linus,unix,,,
waitrose,waite,rose,,,
cuntplaining,cunt,explaining,,,
